runtime_s,n_tracks,link_precision,link_recall,link_f1,link_tp,link_fp,link_fn,mean_coverage,median_coverage,mean_assigned_coverage,mean_fragments_per_gt,max_fragments_per_gt,assigned_tracks,unassigned_tracks,median_position_error_px,mean_position_error_px,assigned_median_position_error_px,assigned_mean_position_error_px,clear_tp,clear_fp,clear_fn,deta,assa,hota,hota_identity,hota_requires_identity_match,mota,motp_px,idtp,idfp,idfn,id_precision,id_recall,idf1,id_switches,fragmentations,mean_fragmentations_per_gt,stage,peak_config,peak_family,peak_distance_weight,peak_intensity_weight,peak_sigma_weight,traj_config,traj_family,traj_position_weight,traj_length_weight,traj_start_frame_weight,candidate_tracks,seed,setup_index,setup,nparticles,intensity_mean,intensity_std,difficulty,cache_version,total_peaks,mean_peaks_per_frame,median_peaks_per_frame,n_gt_fragments,n_source_gt,mean_gt_length,median_gt_length,min_start_frame,max_start_frame,original_gt_count,traj_objective
0.2641576000023633,12,1.0,0.47346938775510206,0.6426592797783934,116,0,129,0.484,0.44,0.5,1.0,1.0,5,7,0.8533206496230056,0.9191329661684152,0.8626397533315219,1.0378556744577294,121,90,129,0.3558823529411765,1.0,0.5965587590013045,assigned,True,0.124,0.9191329661684152,121,90,129,0.5734597156398105,0.484,0.5249457700650759,0,4,0.8,traj2traj,dist_int_60_40,distance_intensity,0.6,0.4,0.0,position_only,ablation,1.0,0.0,0.0,12,0,0,S1,5,800.0,50.0,"S1 (N=5, I=800+/-50)",traj2traj_hota_assigned_v2,235,4.7,5.0,5,5,50.0,50.0,0.0,0.0,5,0.5965587590013045
0.027820599963888526,12,1.0,0.6285714285714286,0.7719298245614035,154,0,91,0.20400000000000001,0.0,0.6639999999999999,1.0,1.0,5,7,0.7721451164343623,0.8304960096499784,37.616911508049284,29.056104701884628,51,160,199,0.12439024390243902,1.0,0.3526900110613271,assigned,True,-0.43599999999999994,0.8304960096499784,51,160,199,0.24170616113744076,0.204,0.2212581344902386,0,0,0.0,traj2traj,dist_int_60_40,distance_intensity,0.6,0.4,0.0,length_only,ablation,0.0,1.0,0.0,12,0,0,S1,5,800.0,50.0,"S1 (N=5, I=800+/-50)",traj2traj_hota_assigned_v2,235,4.7,5.0,5,5,50.0,50.0,0.0,0.0,5,0.3526900110613271
0.027146599953994155,12,1.0,0.4204081632653061,0.5919540229885057,103,0,142,0.21600000000000003,0.02,0.45999999999999996,1.0,1.0,5,7,0.7759115699704153,0.8615590747289064,4.059370424013323,19.04639951834475,54,157,196,0.13267813267813267,1.0,0.3642500963323588,assigned,True,-0.4119999999999999,0.8615590747289064,54,157,196,0.2559241706161137,0.216,0.23427331887201736,0,2,0.4,traj2traj,dist_int_60_40,distance_intensity,0.6,0.4,0.0,start_only,ablation,0.0,0.0,1.0,12,0,0,S1,5,800.0,50.0,"S1 (N=5, I=800+/-50)",traj2traj_hota_assigned_v2,235,4.7,5.0,5,5,50.0,50.0,0.0,0.0,5,0.3642500963323588
0.1763875000178814,12,1.0,0.5551020408163265,0.7139107611548556,136,0,109,0.552,0.52,0.5960000000000001,1.0,1.0,5,7,0.9054438448227763,1.0060103224300883,0.9474720393686572,1.261339521799269,138,73,112,0.42724458204334365,1.0,0.6536394893542951,assigned,True,0.26,1.0060103224300883,138,73,112,0.6540284360189573,0.552,0.5986984815618223,0,12,2.4,traj2traj,dist_int_60_40,distance_intensity,0.6,0.4,0.0,pos_len_90_10,position_length,0.9,0.1,0.0,12,0,0,S1,5,800.0,50.0,"S1 (N=5, I=800+/-50)",traj2traj_hota_assigned_v2,235,4.7,5.0,5,5,50.0,50.0,0.0,0.0,5,0.6536394893542951
0.19634640007279813,12,1.0,0.5551020408163265,0.7139107611548556,136,0,109,0.552,0.52,0.5960000000000001,1.0,1.0,5,7,0.9054438448227763,1.0060103224300883,0.9474720393686572,1.261339521799269,138,73,112,0.42724458204334365,1.0,0.6536394893542951,assigned,True,0.26,1.0060103224300883,138,73,112,0.6540284360189573,0.552,0.5986984815618223,0,12,2.4,traj2traj,dist_int_60_40,distance_intensity,0.6,0.4,0.0,pos_len_75_25,position_length,0.75,0.25,0.0,12,0,0,S1,5,800.0,50.0,"S1 (N=5, I=800+/-50)",traj2traj_hota_assigned_v2,235,4.7,5.0,5,5,50.0,50.0,0.0,0.0,5,0.6536394893542951
0.17686120001599193,12,1.0,0.5551020408163265,0.7139107611548556,136,0,109,0.552,0.52,0.5960000000000001,1.0,1.0,5,7,0.9054438448227763,1.0060103224300883,0.9474720393686572,1.261339521799269,138,73,112,0.42724458204334365,1.0,0.6536394893542951,assigned,True,0.26,1.0060103224300883,138,73,112,0.6540284360189573,0.552,0.5986984815618223,0,12,2.4,traj2traj,dist_int_60_40,distance_intensity,0.6,0.4,0.0,pos_len_60_40,position_length,0.6,0.4,0.0,12,0,0,S1,5,800.0,50.0,"S1 (N=5, I=800+/-50)",traj2traj_hota_assigned_v2,235,4.7,5.0,5,5,50.0,50.0,0.0,0.0,5,0.6536394893542951
0.16203819983638823,12,1.0,0.4204081632653061,0.5919540229885057,103,0,142,0.41600000000000004,0.38,0.4600000000000001,1.0,1.0,5,7,0.8610068386423324,0.9969608333521277,0.9296527772776385,1.328644268881393,104,107,146,0.2913165266106443,1.0,0.539737460818354,assigned,True,-0.01200000000000001,0.9969608333521277,104,107,146,0.4928909952606635,0.416,0.4511930585683297,0,11,2.2,traj2traj,dist_int_60_40,distance_intensity,0.6,0.4,0.0,pos_start_90_10,position_start,0.9,0.0,0.1,12,0,0,S1,5,800.0,50.0,"S1 (N=5, I=800+/-50)",traj2traj_hota_assigned_v2,235,4.7,5.0,5,5,50.0,50.0,0.0,0.0,5,0.539737460818354
0.15158089995384216,12,1.0,0.4204081632653061,0.5919540229885057,103,0,142,0.41600000000000004,0.38,0.4600000000000001,1.0,1.0,5,7,0.8610068386423324,0.9969608333521277,0.9296527772776385,1.328644268881393,104,107,146,0.2913165266106443,1.0,0.539737460818354,assigned,True,-0.01200000000000001,0.9969608333521277,104,107,146,0.4928909952606635,0.416,0.4511930585683297,0,11,2.2,traj2traj,dist_int_60_40,distance_intensity,0.6,0.4,0.0,pos_start_75_25,position_start,0.75,0.0,0.25,12,0,0,S1,5,800.0,50.0,"S1 (N=5, I=800+/-50)",traj2traj_hota_assigned_v2,235,4.7,5.0,5,5,50.0,50.0,0.0,0.0,5,0.539737460818354
0.13764790003187954,12,1.0,0.4204081632653061,0.5919540229885057,103,0,142,0.41600000000000004,0.38,0.4600000000000001,1.0,1.0,5,7,0.8610068386423324,0.9969608333521277,0.9296527772776385,1.328644268881393,104,107,146,0.2913165266106443,1.0,0.539737460818354,assigned,True,-0.01200000000000001,0.9969608333521277,104,107,146,0.4928909952606635,0.416,0.4511930585683297,0,11,2.2,traj2traj,dist_int_60_40,distance_intensity,0.6,0.4,0.0,pos_start_60_40,position_start,0.6,0.0,0.4,12,0,0,S1,5,800.0,50.0,"S1 (N=5, I=800+/-50)",traj2traj_hota_assigned_v2,235,4.7,5.0,5,5,50.0,50.0,0.0,0.0,5,0.539737460818354
0.1251412001438439,12,1.0,0.5387755102040817,0.7002652519893899,132,0,113,0.536,0.44,0.5800000000000001,1.0,1.0,5,7,0.8610068386423324,0.9813156688662861,0.9138184641811322,1.2455618198677325,134,77,116,0.40978593272171254,1.0,0.640145243457852,assigned,True,0.22799999999999998,0.9813156688662861,134,77,116,0.6350710900473934,0.536,0.581344902386117,0,12,2.4,traj2traj,dist_int_60_40,distance_intensity,0.6,0.4,0.0,pos_meta_80_10_10,all_terms,0.8,0.1,0.1,12,0,0,S1,5,800.0,50.0,"S1 (N=5, I=800+/-50)",traj2traj_hota_assigned_v2,235,4.7,5.0,5,5,50.0,50.0,0.0,0.0,5,0.640145243457852
0.1339563000947237,12,1.0,0.5387755102040817,0.7002652519893899,132,0,113,0.536,0.44,0.5800000000000001,1.0,1.0,5,7,0.8610068386423324,0.9813156688662861,0.9138184641811322,1.2455618198677325,134,77,116,0.40978593272171254,1.0,0.640145243457852,assigned,True,0.22799999999999998,0.9813156688662861,134,77,116,0.6350710900473934,0.536,0.581344902386117,0,12,2.4,traj2traj,dist_int_60_40,distance_intensity,0.6,0.4,0.0,pos_meta_70_20_10,all_terms,0.7,0.2,0.1,12,0,0,S1,5,800.0,50.0,"S1 (N=5, I=800+/-50)",traj2traj_hota_assigned_v2,235,4.7,5.0,5,5,50.0,50.0,0.0,0.0,5,0.640145243457852
0.14103060006164014,12,1.0,0.5387755102040817,0.7002652519893899,132,0,113,0.536,0.44,0.5800000000000001,1.0,1.0,5,7,0.8610068386423324,0.9813156688662861,0.9138184641811322,1.2455618198677325,134,77,116,0.40978593272171254,1.0,0.640145243457852,assigned,True,0.22799999999999998,0.9813156688662861,134,77,116,0.6350710900473934,0.536,0.581344902386117,0,12,2.4,traj2traj,dist_int_60_40,distance_intensity,0.6,0.4,0.0,pos_meta_60_20_20,all_terms,0.6,0.2,0.2,12,0,0,S1,5,800.0,50.0,"S1 (N=5, I=800+/-50)",traj2traj_hota_assigned_v2,235,4.7,5.0,5,5,50.0,50.0,0.0,0.0,5,0.640145243457852
0.1360966998618096,12,1.0,0.5387755102040817,0.7002652519893899,132,0,113,0.536,0.44,0.5800000000000001,1.0,1.0,5,7,0.8610068386423324,0.9813156688662861,0.9138184641811322,1.2455618198677325,134,77,116,0.40978593272171254,1.0,0.640145243457852,assigned,True,0.22799999999999998,0.9813156688662861,134,77,116,0.6350710900473934,0.536,0.581344902386117,0,12,2.4,traj2traj,dist_int_60_40,distance_intensity,0.6,0.4,0.0,equal_all,all_terms,0.3333333333333333,0.3333333333333333,0.3333333333333333,12,0,0,S1,5,800.0,50.0,"S1 (N=5, I=800+/-50)",traj2traj_hota_assigned_v2,235,4.7,5.0,5,5,50.0,50.0,0.0,0.0,5,0.640145243457852
0.1533134998753667,16,1.0,0.39183673469387753,0.563049853372434,96,0,149,0.40800000000000003,0.3,0.43200000000000005,1.0,1.0,5,11,0.6987109639430937,1.003855076124234,0.7086110347432233,1.231836204116513,102,149,148,0.2556390977443609,1.0,0.5056076519835918,assigned,True,-0.18799999999999994,1.003855076124234,102,149,148,0.4063745019920319,0.408,0.40718562874251496,0,6,1.2,traj2traj,dist_int_60_40,distance_intensity,0.6,0.4,0.0,position_only,ablation,1.0,0.0,0.0,16,1,0,S1,5,800.0,50.0,"S1 (N=5, I=800+/-50)",traj2traj_hota_assigned_v2,294,5.88,6.0,5,5,50.0,50.0,0.0,0.0,5,0.5056076519835918
0.01865920005366206,16,1.0,0.5020408163265306,0.6684782608695652,123,0,122,0.0,0.0,0.548,1.0,1.0,5,11,,,71.98318801983233,61.80786809822892,0,251,250,0.0,0.0,0.0,assigned,True,-1.004,,0,251,250,0.0,0.0,,0,0,0.0,traj2traj,dist_int_60_40,distance_intensity,0.6,0.4,0.0,length_only,ablation,0.0,1.0,0.0,16,1,0,S1,5,800.0,50.0,"S1 (N=5, I=800+/-50)",traj2traj_hota_assigned_v2,294,5.88,6.0,5,5,50.0,50.0,0.0,0.0,5,0.0
0.02225210005417466,16,1.0,0.363265306122449,0.532934131736527,89,0,156,0.0,0.0,0.41600000000000004,1.0,1.0,5,11,,,77.64948046319796,78.21457174777638,0,251,250,0.0,0.0,0.0,assigned,True,-1.004,,0,251,250,0.0,0.0,,0,0,0.0,traj2traj,dist_int_60_40,distance_intensity,0.6,0.4,0.0,start_only,ablation,0.0,0.0,1.0,16,1,0,S1,5,800.0,50.0,"S1 (N=5, I=800+/-50)",traj2traj_hota_assigned_v2,294,5.88,6.0,5,5,50.0,50.0,0.0,0.0,5,0.0
0.15317329997196794,16,1.0,0.46938775510204084,0.6388888888888888,115,0,130,0.4879999999999999,0.32,0.5119999999999999,1.0,1.0,5,11,0.6945327999865363,0.9568291858733428,0.7056310278770432,1.1513926012223383,122,129,128,0.32189973614775724,1.0,0.5673620855747741,assigned,True,-0.028000000000000025,0.9568291858733428,122,129,128,0.4860557768924303,0.488,0.4870259481037924,0,7,1.4,traj2traj,dist_int_60_40,distance_intensity,0.6,0.4,0.0,pos_len_90_10,position_length,0.9,0.1,0.0,16,1,0,S1,5,800.0,50.0,"S1 (N=5, I=800+/-50)",traj2traj_hota_assigned_v2,294,5.88,6.0,5,5,50.0,50.0,0.0,0.0,5,0.5673620855747741
0.1583860998507589,16,1.0,0.4857142857142857,0.6538461538461539,119,0,126,0.476,0.28,0.5399999999999999,1.0,1.0,5,11,0.6606562298865023,0.9165253828953998,0.7144193811973464,1.3769708421050204,119,132,131,0.31151832460732987,1.0,0.5581382665678191,assigned,True,-0.052000000000000046,0.9165253828953998,119,132,131,0.47410358565737054,0.476,0.4750499001996008,0,14,2.8,traj2traj,dist_int_60_40,distance_intensity,0.6,0.4,0.0,pos_len_75_25,position_length,0.75,0.25,0.0,16,1,0,S1,5,800.0,50.0,"S1 (N=5, I=800+/-50)",traj2traj_hota_assigned_v2,294,5.88,6.0,5,5,50.0,50.0,0.0,0.0,5,0.5581382665678191
0.14509459980763495,16,1.0,0.4857142857142857,0.6538461538461539,119,0,126,0.476,0.28,0.5399999999999999,1.0,1.0,5,11,0.6606562298865023,0.9165253828953998,0.7144193811973464,1.3769708421050204,119,132,131,0.31151832460732987,1.0,0.5581382665678191,assigned,True,-0.052000000000000046,0.9165253828953998,119,132,131,0.47410358565737054,0.476,0.4750499001996008,0,14,2.8,traj2traj,dist_int_60_40,distance_intensity,0.6,0.4,0.0,pos_len_60_40,position_length,0.6,0.4,0.0,16,1,0,S1,5,800.0,50.0,"S1 (N=5, I=800+/-50)",traj2traj_hota_assigned_v2,294,5.88,6.0,5,5,50.0,50.0,0.0,0.0,5,0.5581382665678191
0.1417096999939531,16,1.0,0.3877551020408163,0.5588235294117647,95,0,150,0.372,0.28,0.42400000000000004,1.0,1.0,5,11,0.6606562298865023,0.9565636086126412,0.7086110347432233,1.3552156291877406,93,158,157,0.22794117647058823,1.0,0.4774318553161155,assigned,True,-0.26,0.9565636086126412,93,158,157,0.3705179282868526,0.372,0.3712574850299401,0,11,2.2,traj2traj,dist_int_60_40,distance_intensity,0.6,0.4,0.0,pos_start_90_10,position_start,0.9,0.0,0.1,16,1,0,S1,5,800.0,50.0,"S1 (N=5, I=800+/-50)",traj2traj_hota_assigned_v2,294,5.88,6.0,5,5,50.0,50.0,0.0,0.0,5,0.4774318553161155
0.15803939988836646,16,1.0,0.3877551020408163,0.5588235294117647,95,0,150,0.372,0.28,0.42400000000000004,1.0,1.0,5,11,0.6606562298865023,0.9565636086126412,0.7086110347432233,1.3552156291877406,93,158,157,0.22794117647058823,1.0,0.4774318553161155,assigned,True,-0.26,0.9565636086126412,93,158,157,0.3705179282868526,0.372,0.3712574850299401,0,11,2.2,traj2traj,dist_int_60_40,distance_intensity,0.6,0.4,0.0,pos_start_75_25,position_start,0.75,0.0,0.25,16,1,0,S1,5,800.0,50.0,"S1 (N=5, I=800+/-50)",traj2traj_hota_assigned_v2,294,5.88,6.0,5,5,50.0,50.0,0.0,0.0,5,0.4774318553161155
0.16797780012711883,16,1.0,0.3877551020408163,0.5588235294117647,95,0,150,0.372,0.28,0.42400000000000004,1.0,1.0,5,11,0.6606562298865023,0.9565636086126412,0.7086110347432233,1.3552156291877406,93,158,157,0.22794117647058823,1.0,0.4774318553161155,assigned,True,-0.26,0.9565636086126412,93,158,157,0.3705179282868526,0.372,0.3712574850299401,0,11,2.2,traj2traj,dist_int_60_40,distance_intensity,0.6,0.4,0.0,pos_start_60_40,position_start,0.6,0.0,0.4,16,1,0,S1,5,800.0,50.0,"S1 (N=5, I=800+/-50)",traj2traj_hota_assigned_v2,294,5.88,6.0,5,5,50.0,50.0,0.0,0.0,5,0.4774318553161155
0.14836949994787574,16,1.0,0.3877551020408163,0.5588235294117647,95,0,150,0.372,0.28,0.42400000000000004,1.0,1.0,5,11,0.6606562298865023,0.9565636086126412,0.7086110347432233,1.3552156291877406,93,158,157,0.22794117647058823,1.0,0.4774318553161155,assigned,True,-0.26,0.9565636086126412,93,158,157,0.3705179282868526,0.372,0.3712574850299401,0,11,2.2,traj2traj,dist_int_60_40,distance_intensity,0.6,0.4,0.0,pos_meta_80_10_10,all_terms,0.8,0.1,0.1,16,1,0,S1,5,800.0,50.0,"S1 (N=5, I=800+/-50)",traj2traj_hota_assigned_v2,294,5.88,6.0,5,5,50.0,50.0,0.0,0.0,5,0.4774318553161155
0.13068599998950958,16,1.0,0.46530612244897956,0.6350974930362117,114,0,131,0.45200000000000007,0.28,0.504,1.0,1.0,5,11,0.6606562298865023,0.9141624647155008,0.7056310278770432,1.2539111079823526,113,138,137,0.2912371134020619,1.0,0.5396638892885662,assigned,True,-0.10000000000000009,0.9141624647155008,113,138,137,0.450199203187251,0.452,0.4510978043912176,0,12,2.4,traj2traj,dist_int_60_40,distance_intensity,0.6,0.4,0.0,pos_meta_70_20_10,all_terms,0.7,0.2,0.1,16,1,0,S1,5,800.0,50.0,"S1 (N=5, I=800+/-50)",traj2traj_hota_assigned_v2,294,5.88,6.0,5,5,50.0,50.0,0.0,0.0,5,0.5396638892885662
0.14887509983964264,16,1.0,0.39591836734693875,0.5672514619883041,97,0,148,0.368,0.28,0.43600000000000005,1.0,1.0,5,11,0.6595585267012196,0.9150468956599047,0.7157070638041118,1.4929360986521223,92,159,158,0.22493887530562348,1.0,0.4742772135635693,assigned,True,-0.268,0.9150468956599047,92,159,158,0.3665338645418327,0.368,0.3672654690618763,0,14,2.8,traj2traj,dist_int_60_40,distance_intensity,0.6,0.4,0.0,pos_meta_60_20_20,all_terms,0.6,0.2,0.2,16,1,0,S1,5,800.0,50.0,"S1 (N=5, I=800+/-50)",traj2traj_hota_assigned_v2,294,5.88,6.0,5,5,50.0,50.0,0.0,0.0,5,0.4742772135635693
0.153080599848181,16,1.0,0.39591836734693875,0.5672514619883041,97,0,148,0.368,0.28,0.43600000000000005,1.0,1.0,5,11,0.6595585267012196,0.9150468956599047,0.7157070638041118,1.4929360986521223,92,159,158,0.22493887530562348,1.0,0.4742772135635693,assigned,True,-0.268,0.9150468956599047,92,159,158,0.3665338645418327,0.368,0.3672654690618763,0,14,2.8,traj2traj,dist_int_60_40,distance_intensity,0.6,0.4,0.0,equal_all,all_terms,0.3333333333333333,0.3333333333333333,0.3333333333333333,16,1,0,S1,5,800.0,50.0,"S1 (N=5, I=800+/-50)",traj2traj_hota_assigned_v2,294,5.88,6.0,5,5,50.0,50.0,0.0,0.0,5,0.4742772135635693
0.13538450002670288,13,1.0,0.5714285714285714,0.7272727272727273,140,0,105,0.596,0.68,0.596,1.0,1.0,5,8,0.5859392505787554,0.6781468653351119,0.5859392505787554,0.678146865335112,149,114,101,0.40934065934065933,1.0,0.639797358028821,assigned,True,0.14,0.6781468653351119,149,114,101,0.5665399239543726,0.596,0.580896686159844,0,4,0.8,traj2traj,dist_int_60_40,distance_intensity,0.6,0.4,0.0,position_only,ablation,1.0,0.0,0.0,13,2,0,S1,5,800.0,50.0,"S1 (N=5, I=800+/-50)",traj2traj_hota_assigned_v2,285,5.7,6.0,5,5,50.0,50.0,0.0,0.0,5,0.639797358028821
0.016754399985074997,13,1.0,0.6816326530612244,0.8106796116504854,167,0,78,0.0,0.0,0.704,1.0,1.0,5,8,,,75.81174671328803,73.65228575112391,0,263,250,0.0,0.0,0.0,assigned,True,-1.052,,0,263,250,0.0,0.0,,0,0,0.0,traj2traj,dist_int_60_40,distance_intensity,0.6,0.4,0.0,length_only,ablation,0.0,1.0,0.0,13,2,0,S1,5,800.0,50.0,"S1 (N=5, I=800+/-50)",traj2traj_hota_assigned_v2,285,5.7,6.0,5,5,50.0,50.0,0.0,0.0,5,0.0
0.014283299911767244,13,1.0,0.5346938775510204,0.6968085106382979,131,0,114,0.052000000000000005,0.0,0.5599999999999999,1.0,1.0,5,8,1.8202469511300898,1.7521992468259069,44.701373368095744,62.68350518301421,13,250,237,0.026,1.0,0.161245154965971,assigned,True,-0.948,1.7521992468259069,13,250,237,0.049429657794676805,0.052,0.050682261208577,0,4,0.8,traj2traj,dist_int_60_40,distance_intensity,0.6,0.4,0.0,start_only,ablation,0.0,0.0,1.0,13,2,0,S1,5,800.0,50.0,"S1 (N=5, I=800+/-50)",traj2traj_hota_assigned_v2,285,5.7,6.0,5,5,50.0,50.0,0.0,0.0,5,0.161245154965971
0.1353957001119852,13,1.0,0.6816326530612244,0.8106796116504854,167,0,78,0.6679999999999999,0.68,0.704,1.0,1.0,5,8,0.6107846435481169,0.7717236537292731,0.619892566626203,0.9475595779567207,167,96,83,0.48265895953757226,1.0,0.6947366116288765,assigned,True,0.28400000000000003,0.7717236537292731,167,96,83,0.6349809885931559,0.668,0.6510721247563352,0,8,1.6,traj2traj,dist_int_60_40,distance_intensity,0.6,0.4,0.0,pos_len_90_10,position_length,0.9,0.1,0.0,13,2,0,S1,5,800.0,50.0,"S1 (N=5, I=800+/-50)",traj2traj_hota_assigned_v2,285,5.7,6.0,5,5,50.0,50.0,0.0,0.0,5,0.6947366116288765
0.12388579989783466,13,1.0,0.6816326530612244,0.8106796116504854,167,0,78,0.6679999999999999,0.68,0.704,1.0,1.0,5,8,0.6107846435481169,0.7717236537292731,0.619892566626203,0.9475595779567207,167,96,83,0.48265895953757226,1.0,0.6947366116288765,assigned,True,0.28400000000000003,0.7717236537292731,167,96,83,0.6349809885931559,0.668,0.6510721247563352,0,8,1.6,traj2traj,dist_int_60_40,distance_intensity,0.6,0.4,0.0,pos_len_75_25,position_length,0.75,0.25,0.0,13,2,0,S1,5,800.0,50.0,"S1 (N=5, I=800+/-50)",traj2traj_hota_assigned_v2,285,5.7,6.0,5,5,50.0,50.0,0.0,0.0,5,0.6947366116288765
0.13646809989586473,13,1.0,0.6816326530612244,0.8106796116504854,167,0,78,0.6679999999999999,0.68,0.704,1.0,1.0,5,8,0.6107846435481169,0.7717236537292731,0.619892566626203,0.9475595779567207,167,96,83,0.48265895953757226,1.0,0.6947366116288765,assigned,True,0.28400000000000003,0.7717236537292731,167,96,83,0.6349809885931559,0.668,0.6510721247563352,0,8,1.6,traj2traj,dist_int_60_40,distance_intensity,0.6,0.4,0.0,pos_len_60_40,position_length,0.6,0.4,0.0,13,2,0,S1,5,800.0,50.0,"S1 (N=5, I=800+/-50)",traj2traj_hota_assigned_v2,285,5.7,6.0,5,5,50.0,50.0,0.0,0.0,5,0.6947366116288765
0.12669880012981594,13,1.0,0.5346938775510204,0.6968085106382979,131,0,114,0.548,0.32,0.5599999999999999,1.0,1.0,5,8,0.6140835683466255,0.7687785008249217,0.6171461842210259,0.8385602546946866,137,126,113,0.36436170212765956,1.0,0.6036238084499812,assigned,True,0.04400000000000004,0.7687785008249217,137,126,113,0.5209125475285171,0.548,0.5341130604288499,0,5,1.0,traj2traj,dist_int_60_40,distance_intensity,0.6,0.4,0.0,pos_start_90_10,position_start,0.9,0.0,0.1,13,2,0,S1,5,800.0,50.0,"S1 (N=5, I=800+/-50)",traj2traj_hota_assigned_v2,285,5.7,6.0,5,5,50.0,50.0,0.0,0.0,5,0.6036238084499812
0.12436549994163215,13,1.0,0.5346938775510204,0.6968085106382979,131,0,114,0.548,0.32,0.5599999999999999,1.0,1.0,5,8,0.6140835683466255,0.7687785008249217,0.6171461842210259,0.8385602546946866,137,126,113,0.36436170212765956,1.0,0.6036238084499812,assigned,True,0.04400000000000004,0.7687785008249217,137,126,113,0.5209125475285171,0.548,0.5341130604288499,0,5,1.0,traj2traj,dist_int_60_40,distance_intensity,0.6,0.4,0.0,pos_start_75_25,position_start,0.75,0.0,0.25,13,2,0,S1,5,800.0,50.0,"S1 (N=5, I=800+/-50)",traj2traj_hota_assigned_v2,285,5.7,6.0,5,5,50.0,50.0,0.0,0.0,5,0.6036238084499812
0.13144570006988943,13,1.0,0.5346938775510204,0.6968085106382979,131,0,114,0.548,0.32,0.5599999999999999,1.0,1.0,5,8,0.6140835683466255,0.7687785008249217,0.6171461842210259,0.8385602546946866,137,126,113,0.36436170212765956,1.0,0.6036238084499812,assigned,True,0.04400000000000004,0.7687785008249217,137,126,113,0.5209125475285171,0.548,0.5341130604288499,0,5,1.0,traj2traj,dist_int_60_40,distance_intensity,0.6,0.4,0.0,pos_start_60_40,position_start,0.6,0.0,0.4,13,2,0,S1,5,800.0,50.0,"S1 (N=5, I=800+/-50)",traj2traj_hota_assigned_v2,285,5.7,6.0,5,5,50.0,50.0,0.0,0.0,5,0.6036238084499812
0.1499644999857992,13,1.0,0.5346938775510204,0.6968085106382979,131,0,114,0.548,0.32,0.5599999999999999,1.0,1.0,5,8,0.6140835683466255,0.7687785008249217,0.6171461842210259,0.8385602546946866,137,126,113,0.36436170212765956,1.0,0.6036238084499812,assigned,True,0.04400000000000004,0.7687785008249217,137,126,113,0.5209125475285171,0.548,0.5341130604288499,0,5,1.0,traj2traj,dist_int_60_40,distance_intensity,0.6,0.4,0.0,pos_meta_80_10_10,all_terms,0.8,0.1,0.1,13,2,0,S1,5,800.0,50.0,"S1 (N=5, I=800+/-50)",traj2traj_hota_assigned_v2,285,5.7,6.0,5,5,50.0,50.0,0.0,0.0,5,0.6036238084499812
0.1354235999751836,13,1.0,0.6040816326530613,0.7531806615776081,148,0,97,0.6199999999999999,0.68,0.6319999999999999,1.0,1.0,5,8,0.5916771455083997,0.7282243087704376,0.5973599579826622,0.7908262588839219,155,108,95,0.4329608938547486,1.0,0.6579976397030225,assigned,True,0.18799999999999994,0.7282243087704376,155,108,95,0.5893536121673004,0.62,0.6042884990253411,0,6,1.2,traj2traj,dist_int_60_40,distance_intensity,0.6,0.4,0.0,pos_meta_70_20_10,all_terms,0.7,0.2,0.1,13,2,0,S1,5,800.0,50.0,"S1 (N=5, I=800+/-50)",traj2traj_hota_assigned_v2,285,5.7,6.0,5,5,50.0,50.0,0.0,0.0,5,0.6579976397030225
0.12866730010136962,13,1.0,0.5346938775510204,0.6968085106382979,131,0,114,0.548,0.32,0.5599999999999999,1.0,1.0,5,8,0.6140835683466255,0.7687785008249217,0.6171461842210259,0.8385602546946866,137,126,113,0.36436170212765956,1.0,0.6036238084499812,assigned,True,0.04400000000000004,0.7687785008249217,137,126,113,0.5209125475285171,0.548,0.5341130604288499,0,5,1.0,traj2traj,dist_int_60_40,distance_intensity,0.6,0.4,0.0,pos_meta_60_20_20,all_terms,0.6,0.2,0.2,13,2,0,S1,5,800.0,50.0,"S1 (N=5, I=800+/-50)",traj2traj_hota_assigned_v2,285,5.7,6.0,5,5,50.0,50.0,0.0,0.0,5,0.6036238084499812
0.1753766001202166,13,1.0,0.5346938775510204,0.6968085106382979,131,0,114,0.548,0.32,0.5599999999999999,1.0,1.0,5,8,0.6140835683466255,0.7687785008249217,0.6171461842210259,0.8385602546946866,137,126,113,0.36436170212765956,1.0,0.6036238084499812,assigned,True,0.04400000000000004,0.7687785008249217,137,126,113,0.5209125475285171,0.548,0.5341130604288499,0,5,1.0,traj2traj,dist_int_60_40,distance_intensity,0.6,0.4,0.0,equal_all,all_terms,0.3333333333333333,0.3333333333333333,0.3333333333333333,13,2,0,S1,5,800.0,50.0,"S1 (N=5, I=800+/-50)",traj2traj_hota_assigned_v2,285,5.7,6.0,5,5,50.0,50.0,0.0,0.0,5,0.6036238084499812
0.28696070006117225,24,1.0,0.37142857142857144,0.5416666666666666,182,0,308,0.38,0.27,0.388,1.0,1.0,10,14,0.7498718930138635,0.8874697906673149,0.760789392825086,0.9535238427323945,190,251,310,0.2529960053262317,1.0,0.5029870826633938,assigned,True,-0.12200000000000011,0.8874697906673149,190,251,310,0.4308390022675737,0.38,0.4038257173219979,0,3,0.3,traj2traj,dist_int_60_40,distance_intensity,0.6,0.4,0.0,position_only,ablation,1.0,0.0,0.0,24,0,1,S2,10,700.0,100.0,"S2 (N=10, I=700+/-100)",traj2traj_hota_assigned_v2,503,10.06,10.0,10,10,50.0,50.0,0.0,0.0,10,0.5029870826633938
0.0326554998755455,24,1.0,0.6387755102040816,0.7795765877957659,313,0,177,0.048,0.0,0.658,1.0,1.0,10,14,0.7606497671067465,0.9728272637324432,41.328902062193734,40.15056558254771,24,417,476,0.026172300981461286,1.0,0.161778555381921,assigned,True,-0.786,0.9728272637324432,24,417,476,0.05442176870748299,0.048,0.051009564293305,0,0,0.0,traj2traj,dist_int_60_40,distance_intensity,0.6,0.4,0.0,length_only,ablation,0.0,1.0,0.0,24,0,1,S2,10,700.0,100.0,"S2 (N=10, I=700+/-100)",traj2traj_hota_assigned_v2,503,10.06,10.0,10,10,50.0,50.0,0.0,0.0,10,0.161778555381921
0.03555819997563958,24,1.0,0.4326530612244898,0.603988603988604,212,0,278,0.048,0.0,0.4539999999999999,1.0,1.0,10,14,0.7606497671067465,0.9728272637324432,40.612851429518145,40.46727338809117,24,417,476,0.026172300981461286,1.0,0.161778555381921,assigned,True,-0.786,0.9728272637324432,24,417,476,0.05442176870748299,0.048,0.051009564293305,0,0,0.0,traj2traj,dist_int_60_40,distance_intensity,0.6,0.4,0.0,start_only,ablation,0.0,0.0,1.0,24,0,1,S2,10,700.0,100.0,"S2 (N=10, I=700+/-100)",traj2traj_hota_assigned_v2,503,10.06,10.0,10,10,50.0,50.0,0.0,0.0,10,0.161778555381921
0.2788635001052171,24,1.0,0.5122448979591837,0.6774628879892037,251,0,239,0.5119999999999999,0.43,0.532,1.0,1.0,10,14,0.78360078515086,0.9096828018323371,0.8154404415033712,1.0608729472448475,256,185,244,0.37372262773722625,1.0,0.6113285759206961,assigned,True,0.14200000000000002,0.9096828018323371,256,185,244,0.5804988662131519,0.512,0.5441020191285867,0,9,0.9,traj2traj,dist_int_60_40,distance_intensity,0.6,0.4,0.0,pos_len_90_10,position_length,0.9,0.1,0.0,24,0,1,S2,10,700.0,100.0,"S2 (N=10, I=700+/-100)",traj2traj_hota_assigned_v2,503,10.06,10.0,10,10,50.0,50.0,0.0,0.0,10,0.6113285759206961
0.29759229999035597,24,1.0,0.5693877551020409,0.7256176853055918,279,0,211,0.534,0.47,0.592,1.0,1.0,10,14,0.7998444108432143,0.9315063794858996,0.8807683266798618,1.4560387197575402,267,174,233,0.3961424332344214,1.0,0.6293984693613589,assigned,True,0.18600000000000005,0.9315063794858996,267,174,233,0.6054421768707483,0.534,0.5674814027630181,0,10,1.0,traj2traj,dist_int_60_40,distance_intensity,0.6,0.4,0.0,pos_len_75_25,position_length,0.75,0.25,0.0,24,0,1,S2,10,700.0,100.0,"S2 (N=10, I=700+/-100)",traj2traj_hota_assigned_v2,503,10.06,10.0,10,10,50.0,50.0,0.0,0.0,10,0.6293984693613589
0.3239841000176966,24,1.0,0.5755102040816327,0.7305699481865285,282,0,208,0.534,0.47,0.6,1.0,1.0,10,14,0.8126540591092084,0.941038244814573,0.8939757435087254,1.5039914835728285,267,174,233,0.3961424332344214,1.0,0.6293984693613589,assigned,True,0.18600000000000005,0.941038244814573,267,174,233,0.6054421768707483,0.534,0.5674814027630181,0,12,1.2,traj2traj,dist_int_60_40,distance_intensity,0.6,0.4,0.0,pos_len_60_40,position_length,0.6,0.4,0.0,24,0,1,S2,10,700.0,100.0,"S2 (N=10, I=700+/-100)",traj2traj_hota_assigned_v2,503,10.06,10.0,10,10,50.0,50.0,0.0,0.0,10,0.6293984693613589
0.29376199981197715,24,1.0,0.4387755102040816,0.6099290780141844,215,0,275,0.404,0.33999999999999997,0.45999999999999996,1.0,1.0,10,14,0.7819213671022659,0.9410515147985576,0.8541650032587953,1.565801532459652,202,239,298,0.2733423545331529,1.0,0.522821532201145,assigned,True,-0.07400000000000007,0.9410515147985576,202,239,298,0.4580498866213152,0.404,0.4293304994686504,0,8,0.8,traj2traj,dist_int_60_40,distance_intensity,0.6,0.4,0.0,pos_start_90_10,position_start,0.9,0.0,0.1,24,0,1,S2,10,700.0,100.0,"S2 (N=10, I=700+/-100)",traj2traj_hota_assigned_v2,503,10.06,10.0,10,10,50.0,50.0,0.0,0.0,10,0.522821532201145
0.29433530010282993,24,1.0,0.4387755102040816,0.6099290780141844,215,0,275,0.404,0.33999999999999997,0.45999999999999996,1.0,1.0,10,14,0.7819213671022659,0.9410515147985576,0.8541650032587953,1.565801532459652,202,239,298,0.2733423545331529,1.0,0.522821532201145,assigned,True,-0.07400000000000007,0.9410515147985576,202,239,298,0.4580498866213152,0.404,0.4293304994686504,0,8,0.8,traj2traj,dist_int_60_40,distance_intensity,0.6,0.4,0.0,pos_start_75_25,position_start,0.75,0.0,0.25,24,0,1,S2,10,700.0,100.0,"S2 (N=10, I=700+/-100)",traj2traj_hota_assigned_v2,503,10.06,10.0,10,10,50.0,50.0,0.0,0.0,10,0.522821532201145
0.3335095997899771,24,1.0,0.4387755102040816,0.6099290780141844,215,0,275,0.404,0.33999999999999997,0.45999999999999996,1.0,1.0,10,14,0.7819213671022659,0.9410515147985576,0.8541650032587953,1.565801532459652,202,239,298,0.2733423545331529,1.0,0.522821532201145,assigned,True,-0.07400000000000007,0.9410515147985576,202,239,298,0.4580498866213152,0.404,0.4293304994686504,0,8,0.8,traj2traj,dist_int_60_40,distance_intensity,0.6,0.4,0.0,pos_start_60_40,position_start,0.6,0.0,0.4,24,0,1,S2,10,700.0,100.0,"S2 (N=10, I=700+/-100)",traj2traj_hota_assigned_v2,503,10.06,10.0,10,10,50.0,50.0,0.0,0.0,10,0.522821532201145
0.42136160004884005,24,1.0,0.5571428571428572,0.7155963302752294,273,0,217,0.522,0.47,0.578,1.0,1.0,10,14,0.7998444108432143,0.948252265181331,0.8756589910702054,1.4447605110336978,261,180,239,0.38382352941176473,1.0,0.6195349299367751,assigned,True,0.16200000000000003,0.948252265181331,261,180,239,0.5918367346938775,0.522,0.5547290116896918,0,9,0.9,traj2traj,dist_int_60_40,distance_intensity,0.6,0.4,0.0,pos_meta_80_10_10,all_terms,0.8,0.1,0.1,24,0,1,S2,10,700.0,100.0,"S2 (N=10, I=700+/-100)",traj2traj_hota_assigned_v2,503,10.06,10.0,10,10,50.0,50.0,0.0,0.0,10,0.6195349299367751
0.43698809994384646,24,1.0,0.5755102040816327,0.7305699481865285,282,0,208,0.534,0.47,0.6,1.0,1.0,10,14,0.8126540591092084,0.941038244814573,0.8939757435087254,1.5039914835728285,267,174,233,0.3961424332344214,1.0,0.6293984693613589,assigned,True,0.18600000000000005,0.941038244814573,267,174,233,0.6054421768707483,0.534,0.5674814027630181,0,12,1.2,traj2traj,dist_int_60_40,distance_intensity,0.6,0.4,0.0,pos_meta_70_20_10,all_terms,0.7,0.2,0.1,24,0,1,S2,10,700.0,100.0,"S2 (N=10, I=700+/-100)",traj2traj_hota_assigned_v2,503,10.06,10.0,10,10,50.0,50.0,0.0,0.0,10,0.6293984693613589
0.3265817000064999,24,1.0,0.5571428571428572,0.7155963302752294,273,0,217,0.522,0.47,0.578,1.0,1.0,10,14,0.7998444108432143,0.948252265181331,0.8756589910702054,1.4447605110336978,261,180,239,0.38382352941176473,1.0,0.6195349299367751,assigned,True,0.16200000000000003,0.948252265181331,261,180,239,0.5918367346938775,0.522,0.5547290116896918,0,9,0.9,traj2traj,dist_int_60_40,distance_intensity,0.6,0.4,0.0,pos_meta_60_20_20,all_terms,0.6,0.2,0.2,24,0,1,S2,10,700.0,100.0,"S2 (N=10, I=700+/-100)",traj2traj_hota_assigned_v2,503,10.06,10.0,10,10,50.0,50.0,0.0,0.0,10,0.6195349299367751
0.4325912999920547,24,1.0,0.5591836734693878,0.7172774869109948,274,0,216,0.514,0.47,0.5800000000000001,1.0,1.0,10,14,0.7937558999124444,0.9270590819335084,0.8807683266798618,1.6411049227191423,257,184,243,0.3757309941520468,1.0,0.6129689993401353,assigned,True,0.14600000000000002,0.9270590819335084,257,184,243,0.5827664399092971,0.514,0.5462274176408076,0,7,0.7,traj2traj,dist_int_60_40,distance_intensity,0.6,0.4,0.0,equal_all,all_terms,0.3333333333333333,0.3333333333333333,0.3333333333333333,24,0,1,S2,10,700.0,100.0,"S2 (N=10, I=700+/-100)",traj2traj_hota_assigned_v2,503,10.06,10.0,10,10,50.0,50.0,0.0,0.0,10,0.6129689993401353
0.3642947000917047,27,1.0,0.5448979591836735,0.7054161162483487,267,0,223,0.5559999999999999,0.53,0.572,1.0,1.0,10,17,0.6420579812629809,0.7358208411303009,0.6520335289243453,0.8757297491744236,278,211,222,0.3909985935302391,1.0,0.6252988033974151,assigned,True,0.134,0.7358208411303009,278,211,222,0.5685071574642127,0.556,0.5621840242669363,0,8,0.8,traj2traj,dist_int_60_40,distance_intensity,0.6,0.4,0.0,position_only,ablation,1.0,0.0,0.0,27,1,1,S2,10,700.0,100.0,"S2 (N=10, I=700+/-100)",traj2traj_hota_assigned_v2,554,11.08,11.0,10,10,50.0,50.0,0.0,0.0,10,0.6252988033974151
0.043177299899980426,27,1.0,0.6693877551020408,0.8019559902200489,328,0,162,0.038,0.0,0.694,1.0,1.0,10,17,0.6052948803787677,0.8137530168159238,41.718242235021634,41.21218285178216,19,470,481,0.01958762886597938,1.0,0.13995581040449653,assigned,True,-0.9019999999999999,0.8137530168159238,19,470,481,0.03885480572597137,0.038,0.03842264914054601,0,3,0.3,traj2traj,dist_int_60_40,distance_intensity,0.6,0.4,0.0,length_only,ablation,0.0,1.0,0.0,27,1,1,S2,10,700.0,100.0,"S2 (N=10, I=700+/-100)",traj2traj_hota_assigned_v2,554,11.08,11.0,10,10,50.0,50.0,0.0,0.0,10,0.13995581040449653
0.03642420005053282,27,1.0,0.5979591836734693,0.7484035759897829,293,0,197,0.038,0.0,0.62,1.0,1.0,10,17,0.6052948803787677,0.8137530168159238,24.626329838406125,37.35743308717812,19,470,481,0.01958762886597938,1.0,0.13995581040449653,assigned,True,-0.9019999999999999,0.8137530168159238,19,470,481,0.03885480572597137,0.038,0.03842264914054601,0,3,0.3,traj2traj,dist_int_60_40,distance_intensity,0.6,0.4,0.0,start_only,ablation,0.0,0.0,1.0,27,1,1,S2,10,700.0,100.0,"S2 (N=10, I=700+/-100)",traj2traj_hota_assigned_v2,554,11.08,11.0,10,10,50.0,50.0,0.0,0.0,10,0.13995581040449653
0.4377325000241399,27,1.0,0.6224489795918368,0.7672955974842767,305,0,185,0.622,0.7,0.658,1.0,1.0,10,17,0.6430843501289748,0.7389131753410277,0.6600485267791535,1.0021936311115658,311,178,189,0.45870206489675514,1.0,0.6772754719438429,assigned,True,0.266,0.7389131753410277,311,178,189,0.6359918200408998,0.622,0.62891809908999,0,17,1.7,traj2traj,dist_int_60_40,distance_intensity,0.6,0.4,0.0,pos_len_90_10,position_length,0.9,0.1,0.0,27,1,1,S2,10,700.0,100.0,"S2 (N=10, I=700+/-100)",traj2traj_hota_assigned_v2,554,11.08,11.0,10,10,50.0,50.0,0.0,0.0,10,0.6772754719438429
0.3159048999659717,27,1.0,0.636734693877551,0.7780548628428927,312,0,178,0.628,0.7,0.67,1.0,1.0,10,17,0.6456949865494521,0.7488162073529604,0.6640838306058707,1.0378106929819921,314,175,186,0.4651851851851852,1.0,0.6820448556987914,assigned,True,0.278,0.7488162073529604,314,175,186,0.6421267893660532,0.628,0.6349848331648129,0,18,1.8,traj2traj,dist_int_60_40,distance_intensity,0.6,0.4,0.0,pos_len_75_25,position_length,0.75,0.25,0.0,27,1,1,S2,10,700.0,100.0,"S2 (N=10, I=700+/-100)",traj2traj_hota_assigned_v2,554,11.08,11.0,10,10,50.0,50.0,0.0,0.0,10,0.6820448556987914
0.2587605998851359,27,1.0,0.6489795918367347,0.7871287128712872,318,0,172,0.6260000000000001,0.7,0.6739999999999999,1.0,1.0,10,17,0.6459848766264161,0.7611890347518435,0.6728638312432792,1.083504587988678,313,176,187,0.4630177514792899,1.0,0.6804540774213128,assigned,True,0.274,0.7611890347518435,313,176,187,0.6400817995910021,0.626,0.6329625884732052,0,19,1.9,traj2traj,dist_int_60_40,distance_intensity,0.6,0.4,0.0,pos_len_60_40,position_length,0.6,0.4,0.0,27,1,1,S2,10,700.0,100.0,"S2 (N=10, I=700+/-100)",traj2traj_hota_assigned_v2,554,11.08,11.0,10,10,50.0,50.0,0.0,0.0,10,0.6804540774213128
0.274946799967438,27,1.0,0.5795918367346938,0.7338501291989664,284,0,206,0.562,0.48000000000000004,0.6020000000000001,1.0,1.0,10,17,0.6549643041900997,0.7727606420649827,0.678537530885699,1.0866384584217161,281,208,219,0.3968926553672316,1.0,0.6299941708994073,assigned,True,0.14600000000000002,0.7727606420649827,281,208,219,0.5746421267893661,0.562,0.5682507583417593,0,14,1.4,traj2traj,dist_int_60_40,distance_intensity,0.6,0.4,0.0,pos_start_90_10,position_start,0.9,0.0,0.1,27,1,1,S2,10,700.0,100.0,"S2 (N=10, I=700+/-100)",traj2traj_hota_assigned_v2,554,11.08,11.0,10,10,50.0,50.0,0.0,0.0,10,0.6299941708994073
0.32720029982738197,27,1.0,0.5979591836734693,0.7484035759897829,293,0,197,0.56,0.48000000000000004,0.62,1.0,1.0,10,17,0.6534782386306203,0.7603705905800512,0.6810803814637267,1.298811613424237,280,209,220,0.39492242595204513,1.0,0.6284285368695832,assigned,True,0.14200000000000002,0.7603705905800512,280,209,220,0.5725971370143149,0.56,0.5662285136501516,0,13,1.3,traj2traj,dist_int_60_40,distance_intensity,0.6,0.4,0.0,pos_start_75_25,position_start,0.75,0.0,0.25,27,1,1,S2,10,700.0,100.0,"S2 (N=10, I=700+/-100)",traj2traj_hota_assigned_v2,554,11.08,11.0,10,10,50.0,50.0,0.0,0.0,10,0.6284285368695832
0.8375639000441879,27,1.0,0.5979591836734693,0.7484035759897829,293,0,197,0.56,0.48000000000000004,0.62,1.0,1.0,10,17,0.6534782386306203,0.7603705905800512,0.6810803814637267,1.298811613424237,280,209,220,0.39492242595204513,1.0,0.6284285368695832,assigned,True,0.14200000000000002,0.7603705905800512,280,209,220,0.5725971370143149,0.56,0.5662285136501516,0,13,1.3,traj2traj,dist_int_60_40,distance_intensity,0.6,0.4,0.0,pos_start_60_40,position_start,0.6,0.0,0.4,27,1,1,S2,10,700.0,100.0,"S2 (N=10, I=700+/-100)",traj2traj_hota_assigned_v2,554,11.08,11.0,10,10,50.0,50.0,0.0,0.0,10,0.6284285368695832
0.271223200019449,27,1.0,0.6326530612244898,0.775,310,0,180,0.6040000000000001,0.7,0.658,1.0,1.0,10,17,0.6442447233007315,0.7496299741133896,0.6728638312432792,1.212256949373454,302,187,198,0.4395924308588064,1.0,0.6630176700954556,assigned,True,0.22999999999999998,0.7496299741133896,302,187,198,0.6175869120654397,0.604,0.6107178968655208,0,13,1.3,traj2traj,dist_int_60_40,distance_intensity,0.6,0.4,0.0,pos_meta_80_10_10,all_terms,0.8,0.1,0.1,27,1,1,S2,10,700.0,100.0,"S2 (N=10, I=700+/-100)",traj2traj_hota_assigned_v2,554,11.08,11.0,10,10,50.0,50.0,0.0,0.0,10,0.6630176700954556
0.40118100005201995,27,1.0,0.6326530612244898,0.775,310,0,180,0.6040000000000001,0.7,0.658,1.0,1.0,10,17,0.6442447233007315,0.7496299741133896,0.6728638312432792,1.212256949373454,302,187,198,0.4395924308588064,1.0,0.6630176700954556,assigned,True,0.22999999999999998,0.7496299741133896,302,187,198,0.6175869120654397,0.604,0.6107178968655208,0,13,1.3,traj2traj,dist_int_60_40,distance_intensity,0.6,0.4,0.0,pos_meta_70_20_10,all_terms,0.7,0.2,0.1,27,1,1,S2,10,700.0,100.0,"S2 (N=10, I=700+/-100)",traj2traj_hota_assigned_v2,554,11.08,11.0,10,10,50.0,50.0,0.0,0.0,10,0.6630176700954556
0.3524939001072198,27,1.0,0.6326530612244898,0.775,310,0,180,0.6040000000000001,0.7,0.658,1.0,1.0,10,17,0.6442447233007315,0.7496299741133896,0.6728638312432792,1.212256949373454,302,187,198,0.4395924308588064,1.0,0.6630176700954556,assigned,True,0.22999999999999998,0.7496299741133896,302,187,198,0.6175869120654397,0.604,0.6107178968655208,0,13,1.3,traj2traj,dist_int_60_40,distance_intensity,0.6,0.4,0.0,pos_meta_60_20_20,all_terms,0.6,0.2,0.2,27,1,1,S2,10,700.0,100.0,"S2 (N=10, I=700+/-100)",traj2traj_hota_assigned_v2,554,11.08,11.0,10,10,50.0,50.0,0.0,0.0,10,0.6630176700954556
0.33285390003584325,27,1.0,0.6387755102040816,0.7795765877957659,313,0,177,0.592,0.7,0.658,1.0,1.0,10,17,0.6392980600827669,0.7421017924659882,0.6728638312432792,1.4816902987269447,296,193,204,0.42712842712842713,1.0,0.6535506308836578,assigned,True,0.20599999999999996,0.7421017924659882,296,193,204,0.6053169734151329,0.592,0.5985844287158747,0,11,1.1,traj2traj,dist_int_60_40,distance_intensity,0.6,0.4,0.0,equal_all,all_terms,0.3333333333333333,0.3333333333333333,0.3333333333333333,27,1,1,S2,10,700.0,100.0,"S2 (N=10, I=700+/-100)",traj2traj_hota_assigned_v2,554,11.08,11.0,10,10,50.0,50.0,0.0,0.0,10,0.6535506308836578
0.3869952999521047,30,1.0,0.46122448979591835,0.6312849162011173,226,0,264,0.4879999999999999,0.36,0.4959999999999999,1.0,1.0,10,20,0.6272010233922631,0.7433635033916992,0.6303750822958293,0.7880978823163802,244,270,256,0.3168831168831169,1.0,0.5629237220824123,assigned,True,-0.052000000000000046,0.7433635033916992,244,270,256,0.47470817120622566,0.488,0.48126232741617353,0,14,1.4,traj2traj,dist_int_60_40,distance_intensity,0.6,0.4,0.0,position_only,ablation,1.0,0.0,0.0,30,2,1,S2,10,700.0,100.0,"S2 (N=10, I=700+/-100)",traj2traj_hota_assigned_v2,566,11.32,12.0,10,10,50.0,50.0,0.0,0.0,10,0.5629237220824123
0.06796959997154772,30,1.0,0.5836734693877551,0.7371134020618557,286,0,204,0.0,0.0,0.616,1.0,1.0,10,20,,,62.90209042612882,67.07805332645049,0,514,500,0.0,0.0,0.0,assigned,True,-1.028,,0,514,500,0.0,0.0,,0,0,0.0,traj2traj,dist_int_60_40,distance_intensity,0.6,0.4,0.0,length_only,ablation,0.0,1.0,0.0,30,2,1,S2,10,700.0,100.0,"S2 (N=10, I=700+/-100)",traj2traj_hota_assigned_v2,566,11.32,12.0,10,10,50.0,50.0,0.0,0.0,10,0.0
0.06319079990498722,30,1.0,0.49183673469387756,0.6593707250341998,241,0,249,0.0,0.0,0.524,1.0,1.0,10,20,,,64.05972301182067,65.88406265420645,0,514,500,0.0,0.0,0.0,assigned,True,-1.028,,0,514,500,0.0,0.0,,0,0,0.0,traj2traj,dist_int_60_40,distance_intensity,0.6,0.4,0.0,start_only,ablation,0.0,0.0,1.0,30,2,1,S2,10,700.0,100.0,"S2 (N=10, I=700+/-100)",traj2traj_hota_assigned_v2,566,11.32,12.0,10,10,50.0,50.0,0.0,0.0,10,0.0
0.6188193000853062,30,1.0,0.5224489795918368,0.6863270777479893,256,0,234,0.554,0.48,0.568,1.0,1.0,10,20,0.6470702918649763,0.816550390356458,0.6699090394102696,0.8925344422543735,277,237,223,0.3758480325644505,1.0,0.6130644603664859,assigned,True,0.07999999999999996,0.816550390356458,277,237,223,0.5389105058365758,0.554,0.5463510848126233,0,22,2.2,traj2traj,dist_int_60_40,distance_intensity,0.6,0.4,0.0,pos_len_90_10,position_length,0.9,0.1,0.0,30,2,1,S2,10,700.0,100.0,"S2 (N=10, I=700+/-100)",traj2traj_hota_assigned_v2,566,11.32,12.0,10,10,50.0,50.0,0.0,0.0,10,0.6130644603664859
0.326632599812001,30,1.0,0.5510204081632653,0.7105263157894737,270,0,220,0.568,0.48,0.598,1.0,1.0,10,20,0.6587409497395482,0.8550553740767786,0.6950448244407621,1.0207637715674032,284,230,216,0.38904109589041097,1.0,0.623731589620416,assigned,True,0.10799999999999998,0.8550553740767786,284,230,216,0.5525291828793775,0.568,0.5601577909270217,0,26,2.6,traj2traj,dist_int_60_40,distance_intensity,0.6,0.4,0.0,pos_len_75_25,position_length,0.75,0.25,0.0,30,2,1,S2,10,700.0,100.0,"S2 (N=10, I=700+/-100)",traj2traj_hota_assigned_v2,566,11.32,12.0,10,10,50.0,50.0,0.0,0.0,10,0.623731589620416
0.4205504998099059,30,1.0,0.5510204081632653,0.7105263157894737,270,0,220,0.568,0.48,0.598,1.0,1.0,10,20,0.6587409497395482,0.8550553740767786,0.6950448244407621,1.0207637715674032,284,230,216,0.38904109589041097,1.0,0.623731589620416,assigned,True,0.10799999999999998,0.8550553740767786,284,230,216,0.5525291828793775,0.568,0.5601577909270217,0,26,2.6,traj2traj,dist_int_60_40,distance_intensity,0.6,0.4,0.0,pos_len_60_40,position_length,0.6,0.4,0.0,30,2,1,S2,10,700.0,100.0,"S2 (N=10, I=700+/-100)",traj2traj_hota_assigned_v2,566,11.32,12.0,10,10,50.0,50.0,0.0,0.0,10,0.623731589620416
0.4954429999925196,30,1.0,0.49183673469387756,0.6593707250341998,241,0,249,0.5,0.38,0.524,1.0,1.0,10,20,0.658644744151392,0.8411510638133606,0.6938429685849807,1.0111829648095494,250,264,250,0.32722513089005234,1.0,0.5720359524453444,assigned,True,-0.028000000000000025,0.8411510638133606,250,264,250,0.48638132295719844,0.5,0.49309664694280075,0,18,1.8,traj2traj,dist_int_60_40,distance_intensity,0.6,0.4,0.0,pos_start_90_10,position_start,0.9,0.0,0.1,30,2,1,S2,10,700.0,100.0,"S2 (N=10, I=700+/-100)",traj2traj_hota_assigned_v2,566,11.32,12.0,10,10,50.0,50.0,0.0,0.0,10,0.5720359524453444
0.46312769991345704,30,1.0,0.49183673469387756,0.6593707250341998,241,0,249,0.5,0.38,0.524,1.0,1.0,10,20,0.658644744151392,0.8411510638133606,0.6938429685849807,1.0111829648095494,250,264,250,0.32722513089005234,1.0,0.5720359524453444,assigned,True,-0.028000000000000025,0.8411510638133606,250,264,250,0.48638132295719844,0.5,0.49309664694280075,0,18,1.8,traj2traj,dist_int_60_40,distance_intensity,0.6,0.4,0.0,pos_start_75_25,position_start,0.75,0.0,0.25,30,2,1,S2,10,700.0,100.0,"S2 (N=10, I=700+/-100)",traj2traj_hota_assigned_v2,566,11.32,12.0,10,10,50.0,50.0,0.0,0.0,10,0.5720359524453444
0.45177230006083846,30,1.0,0.49183673469387756,0.6593707250341998,241,0,249,0.5,0.38,0.524,1.0,1.0,10,20,0.658644744151392,0.8411510638133606,0.6938429685849807,1.0111829648095494,250,264,250,0.32722513089005234,1.0,0.5720359524453444,assigned,True,-0.028000000000000025,0.8411510638133606,250,264,250,0.48638132295719844,0.5,0.49309664694280075,0,18,1.8,traj2traj,dist_int_60_40,distance_intensity,0.6,0.4,0.0,pos_start_60_40,position_start,0.6,0.0,0.4,30,2,1,S2,10,700.0,100.0,"S2 (N=10, I=700+/-100)",traj2traj_hota_assigned_v2,566,11.32,12.0,10,10,50.0,50.0,0.0,0.0,10,0.5720359524453444
0.5384154000785202,30,1.0,0.49183673469387756,0.6593707250341998,241,0,249,0.5,0.38,0.524,1.0,1.0,10,20,0.658644744151392,0.8411510638133606,0.6938429685849807,1.0111829648095494,250,264,250,0.32722513089005234,1.0,0.5720359524453444,assigned,True,-0.028000000000000025,0.8411510638133606,250,264,250,0.48638132295719844,0.5,0.49309664694280075,0,18,1.8,traj2traj,dist_int_60_40,distance_intensity,0.6,0.4,0.0,pos_meta_80_10_10,all_terms,0.8,0.1,0.1,30,2,1,S2,10,700.0,100.0,"S2 (N=10, I=700+/-100)",traj2traj_hota_assigned_v2,566,11.32,12.0,10,10,50.0,50.0,0.0,0.0,10,0.5720359524453444
0.6135720999445766,30,1.0,0.49183673469387756,0.6593707250341998,241,0,249,0.5,0.38,0.524,1.0,1.0,10,20,0.658644744151392,0.8411510638133606,0.6938429685849807,1.0111829648095494,250,264,250,0.32722513089005234,1.0,0.5720359524453444,assigned,True,-0.028000000000000025,0.8411510638133606,250,264,250,0.48638132295719844,0.5,0.49309664694280075,0,18,1.8,traj2traj,dist_int_60_40,distance_intensity,0.6,0.4,0.0,pos_meta_70_20_10,all_terms,0.7,0.2,0.1,30,2,1,S2,10,700.0,100.0,"S2 (N=10, I=700+/-100)",traj2traj_hota_assigned_v2,566,11.32,12.0,10,10,50.0,50.0,0.0,0.0,10,0.5720359524453444
0.38427379983477294,30,1.0,0.49183673469387756,0.6593707250341998,241,0,249,0.5,0.38,0.524,1.0,1.0,10,20,0.658644744151392,0.8411510638133606,0.6938429685849807,1.0111829648095494,250,264,250,0.32722513089005234,1.0,0.5720359524453444,assigned,True,-0.028000000000000025,0.8411510638133606,250,264,250,0.48638132295719844,0.5,0.49309664694280075,0,18,1.8,traj2traj,dist_int_60_40,distance_intensity,0.6,0.4,0.0,pos_meta_60_20_20,all_terms,0.6,0.2,0.2,30,2,1,S2,10,700.0,100.0,"S2 (N=10, I=700+/-100)",traj2traj_hota_assigned_v2,566,11.32,12.0,10,10,50.0,50.0,0.0,0.0,10,0.5720359524453444
0.3170426001306623,30,1.0,0.49183673469387756,0.6593707250341998,241,0,249,0.5,0.38,0.524,1.0,1.0,10,20,0.658644744151392,0.8411510638133606,0.6938429685849807,1.0111829648095494,250,264,250,0.32722513089005234,1.0,0.5720359524453444,assigned,True,-0.028000000000000025,0.8411510638133606,250,264,250,0.48638132295719844,0.5,0.49309664694280075,0,18,1.8,traj2traj,dist_int_60_40,distance_intensity,0.6,0.4,0.0,equal_all,all_terms,0.3333333333333333,0.3333333333333333,0.3333333333333333,30,2,1,S2,10,700.0,100.0,"S2 (N=10, I=700+/-100)",traj2traj_hota_assigned_v2,566,11.32,12.0,10,10,50.0,50.0,0.0,0.0,10,0.5720359524453444
0.6610350999981165,30,1.0,0.44625850340136053,0.6171213546566322,328,0,407,0.46,0.34,0.4733333333333334,1.0,1.0,15,15,0.718031229228925,0.8642500281505509,0.7233232079892732,1.277872414484754,345,270,405,0.3382352941176471,1.0,0.5815799980377997,assigned,True,0.09999999999999998,0.8642500281505509,345,270,405,0.5609756097560976,0.46,0.5054945054945056,0,10,0.6666666666666666,traj2traj,dist_int_60_40,distance_intensity,0.6,0.4,0.0,position_only,ablation,1.0,0.0,0.0,30,0,2,S3,15,600.0,150.0,"S3 (N=15, I=600+/-150)",traj2traj_hota_assigned_v2,716,14.32,14.0,15,15,50.0,50.0,0.0,0.0,15,0.5815799980377997
0.10746870003640652,30,1.0,0.6258503401360545,0.7698744769874477,460,0,275,0.0,0.0,0.6533333333333334,1.0,1.0,15,15,,,59.5114144525955,62.904178360646846,0,615,750,0.0,0.0,0.0,assigned,True,-0.8200000000000001,,0,615,750,0.0,0.0,,0,0,0.0,traj2traj,dist_int_60_40,distance_intensity,0.6,0.4,0.0,length_only,ablation,0.0,1.0,0.0,30,0,2,S3,15,600.0,150.0,"S3 (N=15, I=600+/-150)",traj2traj_hota_assigned_v2,716,14.32,14.0,15,15,50.0,50.0,0.0,0.0,15,0.0
0.07661439990624785,30,1.0,0.5183673469387755,0.6827956989247311,381,0,354,0.0,0.0,0.5399999999999999,1.0,1.0,15,15,,,54.91249849005147,61.096214234902035,0,615,750,0.0,0.0,0.0,assigned,True,-0.8200000000000001,,0,615,750,0.0,0.0,,0,0,0.0,traj2traj,dist_int_60_40,distance_intensity,0.6,0.4,0.0,start_only,ablation,0.0,0.0,1.0,30,0,2,S3,15,600.0,150.0,"S3 (N=15, I=600+/-150)",traj2traj_hota_assigned_v2,716,14.32,14.0,15,15,50.0,50.0,0.0,0.0,15,0.0
0.7876379999797791,30,1.0,0.5619047619047619,0.7195121951219512,413,0,322,0.564,0.66,0.5906666666666666,1.0,1.0,15,15,0.7094721515855053,0.8733050462822367,0.7379169166734366,1.3731684933812922,423,192,327,0.44904458598726116,1.0,0.6701078913035282,assigned,True,0.30800000000000005,0.8733050462822367,423,192,327,0.6878048780487804,0.564,0.6197802197802198,0,15,1.0,traj2traj,dist_int_60_40,distance_intensity,0.6,0.4,0.0,pos_len_90_10,position_length,0.9,0.1,0.0,30,0,2,S3,15,600.0,150.0,"S3 (N=15, I=600+/-150)",traj2traj_hota_assigned_v2,716,14.32,14.0,15,15,50.0,50.0,0.0,0.0,15,0.6701078913035282
0.7164843999780715,30,1.0,0.5714285714285714,0.7272727272727273,420,0,315,0.564,0.66,0.5999999999999999,1.0,1.0,15,15,0.7072444426695493,0.871191247955172,0.7392396791285114,1.4565971117731769,423,192,327,0.44904458598726116,1.0,0.6701078913035282,assigned,True,0.30800000000000005,0.871191247955172,423,192,327,0.6878048780487804,0.564,0.6197802197802198,0,15,1.0,traj2traj,dist_int_60_40,distance_intensity,0.6,0.4,0.0,pos_len_75_25,position_length,0.75,0.25,0.0,30,0,2,S3,15,600.0,150.0,"S3 (N=15, I=600+/-150)",traj2traj_hota_assigned_v2,716,14.32,14.0,15,15,50.0,50.0,0.0,0.0,15,0.6701078913035282
0.9136885001789778,30,1.0,0.5768707482993197,0.7316652286453839,424,0,311,0.5626666666666666,0.66,0.6066666666666667,1.0,1.0,15,15,0.7045485825649567,0.8758492352878144,0.7405624415835861,1.499651269155403,422,193,328,0.44750795334040294,1.0,0.6689603525922915,assigned,True,0.30533333333333335,0.8758492352878144,422,193,328,0.6861788617886179,0.5626666666666666,0.6183150183150182,0,15,1.0,traj2traj,dist_int_60_40,distance_intensity,0.6,0.4,0.0,pos_len_60_40,position_length,0.6,0.4,0.0,30,0,2,S3,15,600.0,150.0,"S3 (N=15, I=600+/-150)",traj2traj_hota_assigned_v2,716,14.32,14.0,15,15,50.0,50.0,0.0,0.0,15,0.6689603525922915
0.586357899941504,30,1.0,0.5183673469387755,0.6827956989247311,381,0,354,0.504,0.48,0.5399999999999999,1.0,1.0,15,15,0.6882827263598821,0.8373607888692053,0.7159743129420882,1.490714915507805,378,237,372,0.3829787234042553,1.0,0.618852747755276,assigned,True,0.18799999999999994,0.8373607888692053,378,237,372,0.6146341463414634,0.504,0.5538461538461539,0,8,0.5333333333333333,traj2traj,dist_int_60_40,distance_intensity,0.6,0.4,0.0,pos_start_90_10,position_start,0.9,0.0,0.1,30,0,2,S3,15,600.0,150.0,"S3 (N=15, I=600+/-150)",traj2traj_hota_assigned_v2,716,14.32,14.0,15,15,50.0,50.0,0.0,0.0,15,0.618852747755276
0.7387203997932374,30,1.0,0.5183673469387755,0.6827956989247311,381,0,354,0.504,0.48,0.5399999999999999,1.0,1.0,15,15,0.6882827263598821,0.8373607888692053,0.7159743129420882,1.490714915507805,378,237,372,0.3829787234042553,1.0,0.618852747755276,assigned,True,0.18799999999999994,0.8373607888692053,378,237,372,0.6146341463414634,0.504,0.5538461538461539,0,8,0.5333333333333333,traj2traj,dist_int_60_40,distance_intensity,0.6,0.4,0.0,pos_start_75_25,position_start,0.75,0.0,0.25,30,0,2,S3,15,600.0,150.0,"S3 (N=15, I=600+/-150)",traj2traj_hota_assigned_v2,716,14.32,14.0,15,15,50.0,50.0,0.0,0.0,15,0.618852747755276
0.7030178001150489,30,1.0,0.5183673469387755,0.6827956989247311,381,0,354,0.504,0.48,0.5399999999999999,1.0,1.0,15,15,0.6882827263598821,0.8373607888692053,0.7159743129420882,1.490714915507805,378,237,372,0.3829787234042553,1.0,0.618852747755276,assigned,True,0.18799999999999994,0.8373607888692053,378,237,372,0.6146341463414634,0.504,0.5538461538461539,0,8,0.5333333333333333,traj2traj,dist_int_60_40,distance_intensity,0.6,0.4,0.0,pos_start_60_40,position_start,0.6,0.0,0.4,30,0,2,S3,15,600.0,150.0,"S3 (N=15, I=600+/-150)",traj2traj_hota_assigned_v2,716,14.32,14.0,15,15,50.0,50.0,0.0,0.0,15,0.618852747755276
0.7558145998045802,30,1.0,0.5183673469387755,0.6827956989247311,381,0,354,0.504,0.48,0.5399999999999999,1.0,1.0,15,15,0.6882827263598821,0.8373607888692053,0.7159743129420882,1.490714915507805,378,237,372,0.3829787234042553,1.0,0.618852747755276,assigned,True,0.18799999999999994,0.8373607888692053,378,237,372,0.6146341463414634,0.504,0.5538461538461539,0,8,0.5333333333333333,traj2traj,dist_int_60_40,distance_intensity,0.6,0.4,0.0,pos_meta_80_10_10,all_terms,0.8,0.1,0.1,30,0,2,S3,15,600.0,150.0,"S3 (N=15, I=600+/-150)",traj2traj_hota_assigned_v2,716,14.32,14.0,15,15,50.0,50.0,0.0,0.0,15,0.618852747755276
0.6308699999935925,30,1.0,0.5496598639455782,0.7093942054433713,404,0,331,0.5346666666666666,0.66,0.5706666666666667,1.0,1.0,15,15,0.7034312713450849,0.853455668206421,0.7247265594967869,1.4706843120067201,401,214,349,0.41597510373443985,1.0,0.6449613195645456,assigned,True,0.2493333333333333,0.853455668206421,401,214,349,0.6520325203252032,0.5346666666666666,0.5875457875457875,0,8,0.5333333333333333,traj2traj,dist_int_60_40,distance_intensity,0.6,0.4,0.0,pos_meta_70_20_10,all_terms,0.7,0.2,0.1,30,0,2,S3,15,600.0,150.0,"S3 (N=15, I=600+/-150)",traj2traj_hota_assigned_v2,716,14.32,14.0,15,15,50.0,50.0,0.0,0.0,15,0.6449613195645456
0.7129900001455098,30,1.0,0.5183673469387755,0.6827956989247311,381,0,354,0.504,0.48,0.5399999999999999,1.0,1.0,15,15,0.6882827263598821,0.8373607888692053,0.7159743129420882,1.490714915507805,378,237,372,0.3829787234042553,1.0,0.618852747755276,assigned,True,0.18799999999999994,0.8373607888692053,378,237,372,0.6146341463414634,0.504,0.5538461538461539,0,8,0.5333333333333333,traj2traj,dist_int_60_40,distance_intensity,0.6,0.4,0.0,pos_meta_60_20_20,all_terms,0.6,0.2,0.2,30,0,2,S3,15,600.0,150.0,"S3 (N=15, I=600+/-150)",traj2traj_hota_assigned_v2,716,14.32,14.0,15,15,50.0,50.0,0.0,0.0,15,0.618852747755276
0.6645831000059843,30,1.0,0.5183673469387755,0.6827956989247311,381,0,354,0.504,0.48,0.5399999999999999,1.0,1.0,15,15,0.6882827263598821,0.8373607888692053,0.7159743129420882,1.490714915507805,378,237,372,0.3829787234042553,1.0,0.618852747755276,assigned,True,0.18799999999999994,0.8373607888692053,378,237,372,0.6146341463414634,0.504,0.5538461538461539,0,8,0.5333333333333333,traj2traj,dist_int_60_40,distance_intensity,0.6,0.4,0.0,equal_all,all_terms,0.3333333333333333,0.3333333333333333,0.3333333333333333,30,0,2,S3,15,600.0,150.0,"S3 (N=15, I=600+/-150)",traj2traj_hota_assigned_v2,716,14.32,14.0,15,15,50.0,50.0,0.0,0.0,15,0.618852747755276
0.6742350999265909,30,1.0,0.580952380952381,0.7349397590361446,427,0,308,0.5786666666666667,0.72,0.6106666666666668,1.0,1.0,15,15,0.6605862954561597,0.8167700472845872,0.6850926292604294,0.9871719935400832,434,236,316,0.44016227180527384,1.0,0.6634472637710355,assigned,True,0.264,0.8167700472845872,434,236,316,0.6477611940298508,0.5786666666666667,0.6112676056338029,0,21,1.4,traj2traj,dist_int_60_40,distance_intensity,0.6,0.4,0.0,position_only,ablation,1.0,0.0,0.0,30,1,2,S3,15,600.0,150.0,"S3 (N=15, I=600+/-150)",traj2traj_hota_assigned_v2,773,15.46,15.0,15,15,50.0,50.0,0.0,0.0,15,0.6634472637710355
0.06114870007149875,30,1.0,0.6843537414965987,0.8126009693053312,503,0,232,0.020000000000000004,0.0,0.7200000000000001,1.0,1.0,15,15,0.5885829785654849,0.7341566495235878,48.14639652461992,41.98206209336538,15,655,735,0.010676156583629894,1.0,0.1033254885477436,assigned,True,-0.8533333333333333,0.7341566495235878,15,655,735,0.022388059701492536,0.02,0.02112676056338028,0,0,0.0,traj2traj,dist_int_60_40,distance_intensity,0.6,0.4,0.0,length_only,ablation,0.0,1.0,0.0,30,1,2,S3,15,600.0,150.0,"S3 (N=15, I=600+/-150)",traj2traj_hota_assigned_v2,773,15.46,15.0,15,15,50.0,50.0,0.0,0.0,15,0.1033254885477436
0.05112540000118315,30,1.0,0.563265306122449,0.7206266318537858,414,0,321,0.018666666666666668,0.0,0.592,1.0,1.0,15,15,0.5722636801167252,0.6227128986798175,54.84715626663763,48.63579324842441,14,656,736,0.00995732574679943,1.0,0.09978640061050119,assigned,True,-0.8560000000000001,0.6227128986798175,14,656,736,0.020895522388059702,0.018666666666666668,0.01971830985915493,0,0,0.0,traj2traj,dist_int_60_40,distance_intensity,0.6,0.4,0.0,start_only,ablation,0.0,0.0,1.0,30,1,2,S3,15,600.0,150.0,"S3 (N=15, I=600+/-150)",traj2traj_hota_assigned_v2,773,15.46,15.0,15,15,50.0,50.0,0.0,0.0,15,0.09978640061050119
0.6997615001164377,30,1.0,0.6353741496598639,0.7770382695507487,467,0,268,0.6266666666666667,0.72,0.6693333333333336,1.0,1.0,15,15,0.656060601155823,0.8287577161948436,0.6896585477793906,1.060251283237967,470,200,280,0.49473684210526314,1.0,0.7033753209384469,assigned,True,0.36,0.8287577161948436,470,200,280,0.7014925373134329,0.6266666666666667,0.6619718309859156,0,27,1.8,traj2traj,dist_int_60_40,distance_intensity,0.6,0.4,0.0,pos_len_90_10,position_length,0.9,0.1,0.0,30,1,2,S3,15,600.0,150.0,"S3 (N=15, I=600+/-150)",traj2traj_hota_assigned_v2,773,15.46,15.0,15,15,50.0,50.0,0.0,0.0,15,0.7033753209384469
1.1601658998988569,30,1.0,0.6639455782312925,0.7980376124284546,488,0,247,0.6426666666666667,0.72,0.7000000000000001,1.0,1.0,15,15,0.6556199954237807,0.8245886378301512,0.6939813652243829,1.3215333474972202,482,188,268,0.5138592750533049,1.0,0.7168397833918713,assigned,True,0.392,0.8245886378301512,482,188,268,0.7194029850746269,0.6426666666666667,0.6788732394366198,0,27,1.8,traj2traj,dist_int_60_40,distance_intensity,0.6,0.4,0.0,pos_len_75_25,position_length,0.75,0.25,0.0,30,1,2,S3,15,600.0,150.0,"S3 (N=15, I=600+/-150)",traj2traj_hota_assigned_v2,773,15.46,15.0,15,15,50.0,50.0,0.0,0.0,15,0.7168397833918713
2.738248100038618,30,1.0,0.6639455782312925,0.7980376124284546,488,0,247,0.6426666666666667,0.72,0.7000000000000001,1.0,1.0,15,15,0.6556199954237807,0.8245886378301512,0.6939813652243829,1.3215333474972202,482,188,268,0.5138592750533049,1.0,0.7168397833918713,assigned,True,0.392,0.8245886378301512,482,188,268,0.7194029850746269,0.6426666666666667,0.6788732394366198,0,27,1.8,traj2traj,dist_int_60_40,distance_intensity,0.6,0.4,0.0,pos_len_60_40,position_length,0.6,0.4,0.0,30,1,2,S3,15,600.0,150.0,"S3 (N=15, I=600+/-150)",traj2traj_hota_assigned_v2,773,15.46,15.0,15,15,50.0,50.0,0.0,0.0,15,0.7168397833918713
2.9351176999043673,30,1.0,0.5877551020408164,0.7403598971722366,432,0,303,0.584,0.72,0.6160000000000001,1.0,1.0,15,15,0.6457951543660986,0.7827338411106984,0.6674156005376626,0.9558371213818931,438,232,312,0.4460285132382892,1.0,0.6678536615444204,assigned,True,0.2746666666666666,0.7827338411106984,438,232,312,0.6537313432835821,0.584,0.6169014084507042,0,18,1.2,traj2traj,dist_int_60_40,distance_intensity,0.6,0.4,0.0,pos_start_90_10,position_start,0.9,0.0,0.1,30,1,2,S3,15,600.0,150.0,"S3 (N=15, I=600+/-150)",traj2traj_hota_assigned_v2,773,15.46,15.0,15,15,50.0,50.0,0.0,0.0,15,0.6678536615444204
2.940639200154692,30,1.0,0.5673469387755102,0.7239583333333333,417,0,318,0.5546666666666666,0.48,0.5960000000000001,1.0,1.0,15,15,0.6547328538541479,0.7942279035082553,0.6848525130604195,1.1114081607842987,416,254,334,0.41434262948207173,1.0,0.6436945156532498,assigned,True,0.21599999999999997,0.7942279035082553,416,254,334,0.6208955223880597,0.5546666666666666,0.5859154929577465,0,17,1.1333333333333333,traj2traj,dist_int_60_40,distance_intensity,0.6,0.4,0.0,pos_start_75_25,position_start,0.75,0.0,0.25,30,1,2,S3,15,600.0,150.0,"S3 (N=15, I=600+/-150)",traj2traj_hota_assigned_v2,773,15.46,15.0,15,15,50.0,50.0,0.0,0.0,15,0.6436945156532498
1.6841734000481665,30,1.0,0.5673469387755102,0.7239583333333333,417,0,318,0.5546666666666666,0.48,0.5960000000000001,1.0,1.0,15,15,0.6547328538541479,0.7942279035082553,0.6848525130604195,1.1114081607842987,416,254,334,0.41434262948207173,1.0,0.6436945156532498,assigned,True,0.21599999999999997,0.7942279035082553,416,254,334,0.6208955223880597,0.5546666666666666,0.5859154929577465,0,17,1.1333333333333333,traj2traj,dist_int_60_40,distance_intensity,0.6,0.4,0.0,pos_start_60_40,position_start,0.6,0.0,0.4,30,1,2,S3,15,600.0,150.0,"S3 (N=15, I=600+/-150)",traj2traj_hota_assigned_v2,773,15.46,15.0,15,15,50.0,50.0,0.0,0.0,15,0.6436945156532498
1.3474341998808086,30,1.0,0.5877551020408164,0.7403598971722366,432,0,303,0.584,0.72,0.6160000000000001,1.0,1.0,15,15,0.6457951543660986,0.7827338411106984,0.6674156005376626,0.9558371213818931,438,232,312,0.4460285132382892,1.0,0.6678536615444204,assigned,True,0.2746666666666666,0.7827338411106984,438,232,312,0.6537313432835821,0.584,0.6169014084507042,0,18,1.2,traj2traj,dist_int_60_40,distance_intensity,0.6,0.4,0.0,pos_meta_80_10_10,all_terms,0.8,0.1,0.1,30,1,2,S3,15,600.0,150.0,"S3 (N=15, I=600+/-150)",traj2traj_hota_assigned_v2,773,15.46,15.0,15,15,50.0,50.0,0.0,0.0,15,0.6678536615444204
0.994502300163731,30,1.0,0.6448979591836734,0.7841191066997518,474,0,261,0.6120000000000001,0.72,0.6746666666666667,1.0,1.0,15,15,0.6439420168788746,0.7864200350570177,0.6830123068196907,1.4712869530166768,459,211,291,0.47762747138397504,1.0,0.6911059769557597,assigned,True,0.33066666666666666,0.7864200350570177,459,211,291,0.6850746268656717,0.612,0.6464788732394366,0,19,1.2666666666666666,traj2traj,dist_int_60_40,distance_intensity,0.6,0.4,0.0,pos_meta_70_20_10,all_terms,0.7,0.2,0.1,30,1,2,S3,15,600.0,150.0,"S3 (N=15, I=600+/-150)",traj2traj_hota_assigned_v2,773,15.46,15.0,15,15,50.0,50.0,0.0,0.0,15,0.6911059769557597
0.9142781998962164,30,1.0,0.6081632653061224,0.7563451776649746,447,0,288,0.5893333333333334,0.72,0.636,1.0,1.0,15,15,0.6476948255374507,0.7946298793508519,0.6828981054978474,1.1997722525024983,442,228,308,0.45194274028629855,1.0,0.6722668668663498,assigned,True,0.2853333333333333,0.7946298793508519,442,228,308,0.6597014925373135,0.5893333333333334,0.6225352112676056,0,19,1.2666666666666666,traj2traj,dist_int_60_40,distance_intensity,0.6,0.4,0.0,pos_meta_60_20_20,all_terms,0.6,0.2,0.2,30,1,2,S3,15,600.0,150.0,"S3 (N=15, I=600+/-150)",traj2traj_hota_assigned_v2,773,15.46,15.0,15,15,50.0,50.0,0.0,0.0,15,0.6722668668663498
0.8732137000188231,30,1.0,0.6448979591836734,0.7841191066997518,474,0,261,0.6120000000000001,0.72,0.6746666666666667,1.0,1.0,15,15,0.6439420168788746,0.7864200350570177,0.6830123068196907,1.4712869530166768,459,211,291,0.47762747138397504,1.0,0.6911059769557597,assigned,True,0.33066666666666666,0.7864200350570177,459,211,291,0.6850746268656717,0.612,0.6464788732394366,0,19,1.2666666666666666,traj2traj,dist_int_60_40,distance_intensity,0.6,0.4,0.0,equal_all,all_terms,0.3333333333333333,0.3333333333333333,0.3333333333333333,30,1,2,S3,15,600.0,150.0,"S3 (N=15, I=600+/-150)",traj2traj_hota_assigned_v2,773,15.46,15.0,15,15,50.0,50.0,0.0,0.0,15,0.6911059769557597
0.9487186998594552,35,1.0,0.5251700680272109,0.6886708296164139,386,0,349,0.544,0.38,0.5559999999999999,1.0,1.0,15,20,0.6338732670185601,0.7705682696590994,0.6350653759218953,0.8407774538504387,408,280,342,0.39611650485436894,1.0,0.6293778712779541,assigned,True,0.17066666666666663,0.7705682696590994,408,280,342,0.5930232558139535,0.544,0.5674547983310153,0,21,1.4,traj2traj,dist_int_60_40,distance_intensity,0.6,0.4,0.0,position_only,ablation,1.0,0.0,0.0,35,2,2,S3,15,600.0,150.0,"S3 (N=15, I=600+/-150)",traj2traj_hota_assigned_v2,769,15.38,16.0,15,15,50.0,50.0,0.0,0.0,15,0.6293778712779541
0.10486939991824329,35,1.0,0.6299319727891156,0.7729549248747913,463,0,272,0.05466666666666666,0.0,0.656,1.0,1.0,15,20,1.0772386166332135,1.2464749179325023,47.4646385881108,53.04502715031924,41,647,709,0.02934860415175376,1.0,0.17131434309991023,assigned,True,-0.808,1.2464749179325023,41,647,709,0.059593023255813955,0.05466666666666667,0.05702364394993046,0,3,0.2,traj2traj,dist_int_60_40,distance_intensity,0.6,0.4,0.0,length_only,ablation,0.0,1.0,0.0,35,2,2,S3,15,600.0,150.0,"S3 (N=15, I=600+/-150)",traj2traj_hota_assigned_v2,769,15.38,16.0,15,15,50.0,50.0,0.0,0.0,15,0.17131434309991023
0.10230059991590679,35,1.0,0.545578231292517,0.7059859154929577,401,0,334,0.05466666666666666,0.0,0.5693333333333332,1.0,1.0,15,20,1.0772386166332135,1.2464749179325023,44.95434937708151,50.50869622526379,41,647,709,0.02934860415175376,1.0,0.17131434309991023,assigned,True,-0.808,1.2464749179325023,41,647,709,0.059593023255813955,0.05466666666666667,0.05702364394993046,0,3,0.2,traj2traj,dist_int_60_40,distance_intensity,0.6,0.4,0.0,start_only,ablation,0.0,0.0,1.0,35,2,2,S3,15,600.0,150.0,"S3 (N=15, I=600+/-150)",traj2traj_hota_assigned_v2,769,15.38,16.0,15,15,50.0,50.0,0.0,0.0,15,0.17131434309991023
0.917781800031662,35,1.0,0.5877551020408164,0.7403598971722366,432,0,303,0.5986666666666667,0.66,0.6186666666666666,1.0,1.0,15,20,0.6546191291585878,0.8288350128267499,0.6646337405585495,0.9542149186176847,449,239,301,0.4539939332659252,1.0,0.6737907191895159,assigned,True,0.28,0.8288350128267499,449,239,301,0.6526162790697675,0.5986666666666667,0.6244784422809457,0,25,1.6666666666666667,traj2traj,dist_int_60_40,distance_intensity,0.6,0.4,0.0,pos_len_90_10,position_length,0.9,0.1,0.0,35,2,2,S3,15,600.0,150.0,"S3 (N=15, I=600+/-150)",traj2traj_hota_assigned_v2,769,15.38,16.0,15,15,50.0,50.0,0.0,0.0,15,0.6737907191895159
0.8217801998835057,35,1.0,0.6040816326530613,0.7531806615776081,444,0,291,0.6080000000000001,0.66,0.632,1.0,1.0,15,20,0.6627883723546681,0.8543442752906656,0.6729461235262387,1.0162947175370274,456,232,294,0.46435845213849286,1.0,0.6814385167705835,assigned,True,0.29866666666666664,0.8543442752906656,456,232,294,0.6627906976744186,0.608,0.6342141863699582,0,24,1.6,traj2traj,dist_int_60_40,distance_intensity,0.6,0.4,0.0,pos_len_75_25,position_length,0.75,0.25,0.0,35,2,2,S3,15,600.0,150.0,"S3 (N=15, I=600+/-150)",traj2traj_hota_assigned_v2,769,15.38,16.0,15,15,50.0,50.0,0.0,0.0,15,0.6814385167705835
0.8818919998593628,35,1.0,0.6040816326530613,0.7531806615776081,444,0,291,0.6080000000000001,0.66,0.632,1.0,1.0,15,20,0.6627883723546681,0.8543442752906656,0.6729461235262387,1.0162947175370274,456,232,294,0.46435845213849286,1.0,0.6814385167705835,assigned,True,0.29866666666666664,0.8543442752906656,456,232,294,0.6627906976744186,0.608,0.6342141863699582,0,24,1.6,traj2traj,dist_int_60_40,distance_intensity,0.6,0.4,0.0,pos_len_60_40,position_length,0.6,0.4,0.0,35,2,2,S3,15,600.0,150.0,"S3 (N=15, I=600+/-150)",traj2traj_hota_assigned_v2,769,15.38,16.0,15,15,50.0,50.0,0.0,0.0,15,0.6814385167705835
0.963902500225231,35,1.0,0.5510204081632653,0.7105263157894737,405,0,330,0.5560000000000002,0.4,0.5746666666666668,1.0,1.0,15,20,0.6487953124491325,0.8106111406812077,0.6546191291585878,0.9369211905172323,417,271,333,0.40842311459353575,1.0,0.6390798968779535,assigned,True,0.19466666666666665,0.8106111406812077,417,271,333,0.6061046511627907,0.556,0.5799721835883173,0,19,1.2666666666666666,traj2traj,dist_int_60_40,distance_intensity,0.6,0.4,0.0,pos_start_90_10,position_start,0.9,0.0,0.1,35,2,2,S3,15,600.0,150.0,"S3 (N=15, I=600+/-150)",traj2traj_hota_assigned_v2,769,15.38,16.0,15,15,50.0,50.0,0.0,0.0,15,0.6390798968779535
0.8532451998908073,35,1.0,0.5510204081632653,0.7105263157894737,405,0,330,0.5560000000000002,0.4,0.5746666666666668,1.0,1.0,15,20,0.6487953124491325,0.8106111406812077,0.6546191291585878,0.9369211905172323,417,271,333,0.40842311459353575,1.0,0.6390798968779535,assigned,True,0.19466666666666665,0.8106111406812077,417,271,333,0.6061046511627907,0.556,0.5799721835883173,0,19,1.2666666666666666,traj2traj,dist_int_60_40,distance_intensity,0.6,0.4,0.0,pos_start_75_25,position_start,0.75,0.0,0.25,35,2,2,S3,15,600.0,150.0,"S3 (N=15, I=600+/-150)",traj2traj_hota_assigned_v2,769,15.38,16.0,15,15,50.0,50.0,0.0,0.0,15,0.6390798968779535
0.9133913998957723,35,1.0,0.5510204081632653,0.7105263157894737,405,0,330,0.5560000000000002,0.4,0.5746666666666668,1.0,1.0,15,20,0.6487953124491325,0.8106111406812077,0.6546191291585878,0.9369211905172323,417,271,333,0.40842311459353575,1.0,0.6390798968779535,assigned,True,0.19466666666666665,0.8106111406812077,417,271,333,0.6061046511627907,0.556,0.5799721835883173,0,19,1.2666666666666666,traj2traj,dist_int_60_40,distance_intensity,0.6,0.4,0.0,pos_start_60_40,position_start,0.6,0.0,0.4,35,2,2,S3,15,600.0,150.0,"S3 (N=15, I=600+/-150)",traj2traj_hota_assigned_v2,769,15.38,16.0,15,15,50.0,50.0,0.0,0.0,15,0.6390798968779535
1.0010577000211924,35,1.0,0.5510204081632653,0.7105263157894737,405,0,330,0.5560000000000002,0.4,0.5746666666666668,1.0,1.0,15,20,0.6487953124491325,0.8106111406812077,0.6546191291585878,0.9369211905172323,417,271,333,0.40842311459353575,1.0,0.6390798968779535,assigned,True,0.19466666666666665,0.8106111406812077,417,271,333,0.6061046511627907,0.556,0.5799721835883173,0,19,1.2666666666666666,traj2traj,dist_int_60_40,distance_intensity,0.6,0.4,0.0,pos_meta_80_10_10,all_terms,0.8,0.1,0.1,35,2,2,S3,15,600.0,150.0,"S3 (N=15, I=600+/-150)",traj2traj_hota_assigned_v2,769,15.38,16.0,15,15,50.0,50.0,0.0,0.0,15,0.6390798968779535
0.6668108999729156,35,1.0,0.5741496598639456,0.7294727744165947,422,0,313,0.5746666666666668,0.66,0.5986666666666667,1.0,1.0,15,20,0.650624362511825,0.8103123379462511,0.6612939509500396,0.9848486815255847,431,257,319,0.42800397219463754,1.0,0.6542201251831355,assigned,True,0.23199999999999998,0.8103123379462511,431,257,319,0.626453488372093,0.5746666666666667,0.5994436717663423,0,20,1.3333333333333333,traj2traj,dist_int_60_40,distance_intensity,0.6,0.4,0.0,pos_meta_70_20_10,all_terms,0.7,0.2,0.1,35,2,2,S3,15,600.0,150.0,"S3 (N=15, I=600+/-150)",traj2traj_hota_assigned_v2,769,15.38,16.0,15,15,50.0,50.0,0.0,0.0,15,0.6542201251831355
0.9335176001768559,35,1.0,0.5510204081632653,0.7105263157894737,405,0,330,0.5560000000000002,0.4,0.5746666666666668,1.0,1.0,15,20,0.6487953124491325,0.8106111406812077,0.6546191291585878,0.9369211905172323,417,271,333,0.40842311459353575,1.0,0.6390798968779535,assigned,True,0.19466666666666665,0.8106111406812077,417,271,333,0.6061046511627907,0.556,0.5799721835883173,0,19,1.2666666666666666,traj2traj,dist_int_60_40,distance_intensity,0.6,0.4,0.0,pos_meta_60_20_20,all_terms,0.6,0.2,0.2,35,2,2,S3,15,600.0,150.0,"S3 (N=15, I=600+/-150)",traj2traj_hota_assigned_v2,769,15.38,16.0,15,15,50.0,50.0,0.0,0.0,15,0.6390798968779535
0.8476757002063096,35,1.0,0.5510204081632653,0.7105263157894737,405,0,330,0.5560000000000002,0.4,0.5746666666666668,1.0,1.0,15,20,0.6487953124491325,0.8106111406812077,0.6546191291585878,0.9369211905172323,417,271,333,0.40842311459353575,1.0,0.6390798968779535,assigned,True,0.19466666666666665,0.8106111406812077,417,271,333,0.6061046511627907,0.556,0.5799721835883173,0,19,1.2666666666666666,traj2traj,dist_int_60_40,distance_intensity,0.6,0.4,0.0,equal_all,all_terms,0.3333333333333333,0.3333333333333333,0.3333333333333333,35,2,2,S3,15,600.0,150.0,"S3 (N=15, I=600+/-150)",traj2traj_hota_assigned_v2,769,15.38,16.0,15,15,50.0,50.0,0.0,0.0,15,0.6390798968779535
1.1291430999990553,46,1.0,0.42653061224489797,0.597997138769671,418,0,562,0.437,0.41000000000000003,0.45999999999999996,1.0,1.0,20,26,0.6748363877447733,0.8333819885955303,0.6998872685728686,1.2985087869959115,437,403,563,0.3114754098360656,1.0,0.5580998206737443,assigned,True,0.03400000000000003,0.8333819885955303,437,403,563,0.5202380952380953,0.437,0.47500000000000003,0,20,1.0,traj2traj,dist_int_60_40,distance_intensity,0.6,0.4,0.0,position_only,ablation,1.0,0.0,0.0,46,0,3,S4,20,550.0,200.0,"S4 (N=20, I=550+/-200)",traj2traj_hota_assigned_v2,951,19.02,19.0,20,20,50.0,50.0,0.0,0.0,20,0.5580998206737443
0.1656953999772668,46,1.0,0.5744897959183674,0.729747245625405,563,0,417,0.052000000000000005,0.0,0.6039999999999999,1.0,1.0,20,26,0.9008041093942536,0.9291594265293877,49.67120487778591,51.22243333494101,52,788,948,0.029082774049217,1.0,0.17053672346218277,assigned,True,-0.736,0.9291594265293877,52,788,948,0.06190476190476191,0.052,0.05652173913043479,0,1,0.05,traj2traj,dist_int_60_40,distance_intensity,0.6,0.4,0.0,length_only,ablation,0.0,1.0,0.0,46,0,3,S4,20,550.0,200.0,"S4 (N=20, I=550+/-200)",traj2traj_hota_assigned_v2,951,19.02,19.0,20,20,50.0,50.0,0.0,0.0,20,0.17053672346218277
0.17602880019694567,46,1.0,0.44081632653061226,0.6118980169971672,432,0,548,0.034,0.0,0.4760000000000001,1.0,1.0,20,26,0.861604333609322,0.8967129796074027,48.54107785220302,46.75481922346626,34,806,966,0.018826135105204873,1.0,0.1372083638310904,assigned,True,-0.772,0.8967129796074027,34,806,966,0.04047619047619048,0.034,0.036956521739130443,0,1,0.05,traj2traj,dist_int_60_40,distance_intensity,0.6,0.4,0.0,start_only,ablation,0.0,0.0,1.0,46,0,3,S4,20,550.0,200.0,"S4 (N=20, I=550+/-200)",traj2traj_hota_assigned_v2,951,19.02,19.0,20,20,50.0,50.0,0.0,0.0,20,0.1372083638310904
1.1587942000478506,46,1.0,0.48367346938775513,0.6519944979367263,474,0,506,0.491,0.54,0.5149999999999999,1.0,1.0,20,26,0.6909622141498056,0.8617177129120657,0.7168354892605064,1.2805069514788137,491,349,509,0.36397331356560414,1.0,0.6033020085874107,assigned,True,0.14200000000000002,0.8617177129120657,491,349,509,0.5845238095238096,0.491,0.533695652173913,0,20,1.0,traj2traj,dist_int_60_40,distance_intensity,0.6,0.4,0.0,pos_len_90_10,position_length,0.9,0.1,0.0,46,0,3,S4,20,550.0,200.0,"S4 (N=20, I=550+/-200)",traj2traj_hota_assigned_v2,951,19.02,19.0,20,20,50.0,50.0,0.0,0.0,20,0.6033020085874107
1.2130179998930544,46,1.0,0.5061224489795918,0.6720867208672087,496,0,484,0.506,0.54,0.5389999999999999,1.0,1.0,20,26,0.6891898137813215,0.8545663759166571,0.7209007905131564,1.4332492361676443,506,334,494,0.3793103448275862,1.0,0.6158817620514397,assigned,True,0.17200000000000004,0.8545663759166571,506,334,494,0.6023809523809524,0.506,0.55,0,20,1.0,traj2traj,dist_int_60_40,distance_intensity,0.6,0.4,0.0,pos_len_75_25,position_length,0.75,0.25,0.0,46,0,3,S4,20,550.0,200.0,"S4 (N=20, I=550+/-200)",traj2traj_hota_assigned_v2,951,19.02,19.0,20,20,50.0,50.0,0.0,0.0,20,0.6158817620514397
1.4154097998980433,46,1.0,0.5265306122448979,0.6898395721925134,516,0,464,0.5039999999999999,0.54,0.5599999999999999,1.0,1.0,20,26,0.6867772337967393,0.8460100058664709,0.7292674993090797,2.21116694822135,504,336,496,0.3772455089820359,1.0,0.6142031496028296,assigned,True,0.16800000000000004,0.8460100058664709,504,336,496,0.6,0.504,0.5478260869565217,0,19,0.95,traj2traj,dist_int_60_40,distance_intensity,0.6,0.4,0.0,pos_len_60_40,position_length,0.6,0.4,0.0,46,0,3,S4,20,550.0,200.0,"S4 (N=20, I=550+/-200)",traj2traj_hota_assigned_v2,951,19.02,19.0,20,20,50.0,50.0,0.0,0.0,20,0.6142031496028296
1.4659281000494957,46,1.0,0.3948979591836735,0.5662033650329188,387,0,593,0.38699999999999996,0.29000000000000004,0.43,1.0,1.0,20,26,0.6585529827143775,0.7987936395313071,0.7048739336349958,1.66151466862237,387,453,613,0.2663454920853407,1.0,0.5160867098514945,assigned,True,-0.06600000000000006,0.7987936395313071,387,453,613,0.4607142857142857,0.387,0.42065217391304355,0,17,0.85,traj2traj,dist_int_60_40,distance_intensity,0.6,0.4,0.0,pos_start_90_10,position_start,0.9,0.0,0.1,46,0,3,S4,20,550.0,200.0,"S4 (N=20, I=550+/-200)",traj2traj_hota_assigned_v2,951,19.02,19.0,20,20,50.0,50.0,0.0,0.0,20,0.5160867098514945
1.4577734000049531,46,1.0,0.4275510204081633,0.5989992852037169,419,0,561,0.4129999999999999,0.35,0.46399999999999997,1.0,1.0,20,26,0.6739788708276953,0.830617035620342,0.7248935099664653,1.7984706302122069,413,427,587,0.28941836019621586,1.0,0.5379761706583441,assigned,True,-0.014000000000000012,0.830617035620342,413,427,587,0.49166666666666664,0.413,0.44891304347826083,0,19,0.95,traj2traj,dist_int_60_40,distance_intensity,0.6,0.4,0.0,pos_start_75_25,position_start,0.75,0.0,0.25,46,0,3,S4,20,550.0,200.0,"S4 (N=20, I=550+/-200)",traj2traj_hota_assigned_v2,951,19.02,19.0,20,20,50.0,50.0,0.0,0.0,20,0.5379761706583441
1.520489800022915,46,1.0,0.4275510204081633,0.5989992852037169,419,0,561,0.4129999999999999,0.35,0.46399999999999997,1.0,1.0,20,26,0.6739788708276953,0.830617035620342,0.7248935099664653,1.7984706302122069,413,427,587,0.28941836019621586,1.0,0.5379761706583441,assigned,True,-0.014000000000000012,0.830617035620342,413,427,587,0.49166666666666664,0.413,0.44891304347826083,0,19,0.95,traj2traj,dist_int_60_40,distance_intensity,0.6,0.4,0.0,pos_start_60_40,position_start,0.6,0.0,0.4,46,0,3,S4,20,550.0,200.0,"S4 (N=20, I=550+/-200)",traj2traj_hota_assigned_v2,951,19.02,19.0,20,20,50.0,50.0,0.0,0.0,20,0.5379761706583441
1.4921498000621796,46,1.0,0.4663265306122449,0.6360473208072374,457,0,523,0.45599999999999996,0.41000000000000003,0.501,1.0,1.0,20,26,0.6690967640275096,0.8414199643196205,0.7052537603254617,1.6102442936581012,456,384,544,0.32947976878612717,1.0,0.5740032829053568,assigned,True,0.07199999999999995,0.8414199643196205,456,384,544,0.5428571428571428,0.456,0.4956521739130434,0,20,1.0,traj2traj,dist_int_60_40,distance_intensity,0.6,0.4,0.0,pos_meta_80_10_10,all_terms,0.8,0.1,0.1,46,0,3,S4,20,550.0,200.0,"S4 (N=20, I=550+/-200)",traj2traj_hota_assigned_v2,951,19.02,19.0,20,20,50.0,50.0,0.0,0.0,20,0.5740032829053568
1.6187944998964667,46,1.0,0.48367346938775513,0.6519944979367263,474,0,506,0.473,0.48,0.518,1.0,1.0,20,26,0.6746984468429459,0.8497178697230054,0.7147086350520477,1.5925896520693887,473,367,527,0.34601316752011707,1.0,0.5882288394155093,assigned,True,0.10599999999999998,0.8497178697230054,473,367,527,0.5630952380952381,0.473,0.5141304347826087,0,20,1.0,traj2traj,dist_int_60_40,distance_intensity,0.6,0.4,0.0,pos_meta_70_20_10,all_terms,0.7,0.2,0.1,46,0,3,S4,20,550.0,200.0,"S4 (N=20, I=550+/-200)",traj2traj_hota_assigned_v2,951,19.02,19.0,20,20,50.0,50.0,0.0,0.0,20,0.5882288394155093
1.7488707001321018,46,1.0,0.45510204081632655,0.6255259467040674,446,0,534,0.44099999999999995,0.41000000000000003,0.492,1.0,1.0,20,26,0.6590226703205568,0.8137767298584724,0.7033043440447719,1.728294867022051,441,399,559,0.3152251608291637,1.0,0.5614491613932322,assigned,True,0.04200000000000004,0.8137767298584724,441,399,559,0.525,0.441,0.47934782608695653,0,20,1.0,traj2traj,dist_int_60_40,distance_intensity,0.6,0.4,0.0,pos_meta_60_20_20,all_terms,0.6,0.2,0.2,46,0,3,S4,20,550.0,200.0,"S4 (N=20, I=550+/-200)",traj2traj_hota_assigned_v2,951,19.02,19.0,20,20,50.0,50.0,0.0,0.0,20,0.5614491613932322
1.354655500035733,46,1.0,0.4785714285714286,0.6473429951690821,469,0,511,0.45099999999999996,0.48,0.514,1.0,1.0,20,26,0.6585529827143775,0.809063349787547,0.7147086350520477,1.952126217839909,451,389,549,0.32469402447804174,1.0,0.5698192910722151,assigned,True,0.062000000000000055,0.809063349787547,451,389,549,0.5369047619047619,0.451,0.4902173913043479,0,19,0.95,traj2traj,dist_int_60_40,distance_intensity,0.6,0.4,0.0,equal_all,all_terms,0.3333333333333333,0.3333333333333333,0.3333333333333333,46,0,3,S4,20,550.0,200.0,"S4 (N=20, I=550+/-200)",traj2traj_hota_assigned_v2,951,19.02,19.0,20,20,50.0,50.0,0.0,0.0,20,0.5698192910722151
1.211470400216058,47,1.0,0.49795918367346936,0.664850136239782,488,0,492,0.514,0.48,0.5239999999999999,1.0,1.0,20,27,0.6535734714669335,0.7736330008170231,0.6585295756031491,0.8500374384907401,514,361,486,0.3776634827332844,1.0,0.6145433123330563,assigned,True,0.15300000000000002,0.7736330008170231,514,361,486,0.5874285714285714,0.514,0.5482666666666667,0,17,0.85,traj2traj,dist_int_60_40,distance_intensity,0.6,0.4,0.0,position_only,ablation,1.0,0.0,0.0,47,1,3,S4,20,550.0,200.0,"S4 (N=20, I=550+/-200)",traj2traj_hota_assigned_v2,1005,20.1,20.0,20,20,50.0,50.0,0.0,0.0,20,0.6145433123330563
0.14072279981337488,47,1.0,0.6030612244897959,0.7523870146403565,591,0,389,0.054000000000000006,0.0,0.631,1.0,1.0,20,27,0.5706101046261598,0.6248467639268402,49.41430064244024,43.821772549611985,54,821,946,0.029654036243822075,1.0,0.17220347337908742,assigned,True,-0.7669999999999999,0.6248467639268402,54,821,946,0.061714285714285715,0.054,0.0576,0,1,0.05,traj2traj,dist_int_60_40,distance_intensity,0.6,0.4,0.0,length_only,ablation,0.0,1.0,0.0,47,1,3,S4,20,550.0,200.0,"S4 (N=20, I=550+/-200)",traj2traj_hota_assigned_v2,1005,20.1,20.0,20,20,50.0,50.0,0.0,0.0,20,0.17220347337908742
0.1935554000083357,47,1.0,0.4520408163265306,0.6226282501756851,443,0,537,0.054000000000000006,0.0,0.4789999999999999,1.0,1.0,20,27,0.5706101046261598,0.6248467639268402,43.74783529601763,44.16599666652965,54,821,946,0.029654036243822075,1.0,0.17220347337908742,assigned,True,-0.7669999999999999,0.6248467639268402,54,821,946,0.061714285714285715,0.054,0.0576,0,1,0.05,traj2traj,dist_int_60_40,distance_intensity,0.6,0.4,0.0,start_only,ablation,0.0,0.0,1.0,47,1,3,S4,20,550.0,200.0,"S4 (N=20, I=550+/-200)",traj2traj_hota_assigned_v2,1005,20.1,20.0,20,20,50.0,50.0,0.0,0.0,20,0.17220347337908742
1.4133041000459343,47,1.0,0.5275510204081633,0.6907147628590514,517,0,463,0.539,0.55,0.554,1.0,1.0,20,27,0.6598095619051737,0.7840479218236277,0.6654064200225885,0.8877055784124036,539,336,461,0.40344311377245506,1.0,0.6351717199092345,assigned,True,0.20299999999999996,0.7840479218236277,539,336,461,0.616,0.539,0.5749333333333334,0,19,0.95,traj2traj,dist_int_60_40,distance_intensity,0.6,0.4,0.0,pos_len_90_10,position_length,0.9,0.1,0.0,47,1,3,S4,20,550.0,200.0,"S4 (N=20, I=550+/-200)",traj2traj_hota_assigned_v2,1005,20.1,20.0,20,20,50.0,50.0,0.0,0.0,20,0.6351717199092345
1.3484137000050396,47,1.0,0.5642857142857143,0.7214611872146118,553,0,427,0.549,0.55,0.592,1.0,1.0,20,27,0.6598095619051737,0.7894880317845051,0.6817672631611841,1.266349627869691,549,326,451,0.41402714932126694,1.0,0.6434494147337978,assigned,True,0.22299999999999998,0.7894880317845051,549,326,451,0.6274285714285714,0.549,0.5856,0,23,1.15,traj2traj,dist_int_60_40,distance_intensity,0.6,0.4,0.0,pos_len_75_25,position_length,0.75,0.25,0.0,47,1,3,S4,20,550.0,200.0,"S4 (N=20, I=550+/-200)",traj2traj_hota_assigned_v2,1005,20.1,20.0,20,20,50.0,50.0,0.0,0.0,20,0.6434494147337978
1.6048828000202775,47,1.0,0.5642857142857143,0.7214611872146118,553,0,427,0.549,0.55,0.592,1.0,1.0,20,27,0.6598095619051737,0.7894880317845051,0.6817672631611841,1.266349627869691,549,326,451,0.41402714932126694,1.0,0.6434494147337978,assigned,True,0.22299999999999998,0.7894880317845051,549,326,451,0.6274285714285714,0.549,0.5856,0,23,1.15,traj2traj,dist_int_60_40,distance_intensity,0.6,0.4,0.0,pos_len_60_40,position_length,0.6,0.4,0.0,47,1,3,S4,20,550.0,200.0,"S4 (N=20, I=550+/-200)",traj2traj_hota_assigned_v2,1005,20.1,20.0,20,20,50.0,50.0,0.0,0.0,20,0.6434494147337978
1.746555499965325,47,1.0,0.44693877551020406,0.617771509167842,438,0,542,0.45200000000000007,0.36,0.471,1.0,1.0,20,27,0.6520146520075527,0.7516776115921526,0.6603859223380395,0.9059057848273979,452,423,548,0.31763879128601546,1.0,0.5635945273740826,assigned,True,0.029000000000000026,0.7516776115921526,452,423,548,0.5165714285714286,0.452,0.48213333333333336,0,16,0.8,traj2traj,dist_int_60_40,distance_intensity,0.6,0.4,0.0,pos_start_90_10,position_start,0.9,0.0,0.1,47,1,3,S4,20,550.0,200.0,"S4 (N=20, I=550+/-200)",traj2traj_hota_assigned_v2,1005,20.1,20.0,20,20,50.0,50.0,0.0,0.0,20,0.5635945273740826
1.1859840999823064,47,1.0,0.44693877551020406,0.617771509167842,438,0,542,0.44800000000000006,0.36,0.471,1.0,1.0,20,27,0.6495614137991164,0.7425966168196937,0.6598842728542831,0.9273958621075343,448,427,552,0.31394533987386125,1.0,0.5603082543331495,assigned,True,0.02100000000000002,0.7425966168196937,448,427,552,0.512,0.448,0.47786666666666666,0,14,0.7,traj2traj,dist_int_60_40,distance_intensity,0.6,0.4,0.0,pos_start_75_25,position_start,0.75,0.0,0.25,47,1,3,S4,20,550.0,200.0,"S4 (N=20, I=550+/-200)",traj2traj_hota_assigned_v2,1005,20.1,20.0,20,20,50.0,50.0,0.0,0.0,20,0.5603082543331495
1.057535900035873,47,1.0,0.44693877551020406,0.617771509167842,438,0,542,0.43,0.33,0.4750000000000001,1.0,1.0,20,27,0.6502680842752631,0.7433859083299597,0.6723445168933934,1.7555212269897726,430,445,570,0.2975778546712803,1.0,0.5455069703232767,assigned,True,-0.014999999999999902,0.7433859083299597,430,445,570,0.49142857142857144,0.43,0.4586666666666666,0,14,0.7,traj2traj,dist_int_60_40,distance_intensity,0.6,0.4,0.0,pos_start_60_40,position_start,0.6,0.0,0.4,47,1,3,S4,20,550.0,200.0,"S4 (N=20, I=550+/-200)",traj2traj_hota_assigned_v2,1005,20.1,20.0,20,20,50.0,50.0,0.0,0.0,20,0.5455069703232767
1.0977401998825371,47,1.0,0.45918367346938777,0.6293706293706294,450,0,530,0.46399999999999997,0.36,0.487,1.0,1.0,20,27,0.6555075100084355,0.7525213390514089,0.6661210493421807,0.9380082075752944,464,411,536,0.32884479092841956,1.0,0.5734499027189904,assigned,True,0.05300000000000005,0.7525213390514089,464,411,536,0.5302857142857142,0.464,0.49493333333333334,0,19,0.95,traj2traj,dist_int_60_40,distance_intensity,0.6,0.4,0.0,pos_meta_80_10_10,all_terms,0.8,0.1,0.1,47,1,3,S4,20,550.0,200.0,"S4 (N=20, I=550+/-200)",traj2traj_hota_assigned_v2,1005,20.1,20.0,20,20,50.0,50.0,0.0,0.0,20,0.5734499027189904
1.242427800083533,47,1.0,0.5295918367346939,0.6924616410940627,519,0,461,0.514,0.5,0.5590000000000002,1.0,1.0,20,27,0.6555075100084355,0.776127871269113,0.6770399273382642,1.2915270521688385,514,361,486,0.3776634827332844,1.0,0.6145433123330563,assigned,True,0.15300000000000002,0.776127871269113,514,361,486,0.5874285714285714,0.514,0.5482666666666667,0,24,1.2,traj2traj,dist_int_60_40,distance_intensity,0.6,0.4,0.0,pos_meta_70_20_10,all_terms,0.7,0.2,0.1,47,1,3,S4,20,550.0,200.0,"S4 (N=20, I=550+/-200)",traj2traj_hota_assigned_v2,1005,20.1,20.0,20,20,50.0,50.0,0.0,0.0,20,0.6145433123330563
1.4118988998234272,47,1.0,0.4775510204081633,0.6464088397790055,468,0,512,0.461,0.36,0.5060000000000001,1.0,1.0,20,27,0.6489005813829972,0.7525175758239481,0.6680708186239458,1.3245231459842763,461,414,539,0.326025459688826,1.0,0.5709863918595837,assigned,True,0.04700000000000004,0.7525175758239481,461,414,539,0.5268571428571428,0.461,0.49173333333333336,0,20,1.0,traj2traj,dist_int_60_40,distance_intensity,0.6,0.4,0.0,pos_meta_60_20_20,all_terms,0.6,0.2,0.2,47,1,3,S4,20,550.0,200.0,"S4 (N=20, I=550+/-200)",traj2traj_hota_assigned_v2,1005,20.1,20.0,20,20,50.0,50.0,0.0,0.0,20,0.5709863918595837
1.5443535998929292,47,1.0,0.49081632653061225,0.6584531143052703,481,0,499,0.429,0.33,0.5170000000000001,1.0,1.0,20,27,0.6506757350347223,0.744986079890233,0.6958716679041005,3.816817028188724,429,446,571,0.2966804979253112,1.0,0.5446838513535271,assigned,True,-0.016999999999999904,0.744986079890233,429,446,571,0.49028571428571427,0.429,0.4576,0,14,0.7,traj2traj,dist_int_60_40,distance_intensity,0.6,0.4,0.0,equal_all,all_terms,0.3333333333333333,0.3333333333333333,0.3333333333333333,47,1,3,S4,20,550.0,200.0,"S4 (N=20, I=550+/-200)",traj2traj_hota_assigned_v2,1005,20.1,20.0,20,20,50.0,50.0,0.0,0.0,20,0.5446838513535271
1.425065599847585,52,1.0,0.34183673469387754,0.5095057034220533,335,0,645,0.374,0.21000000000000002,0.389,1.0,1.0,20,32,0.6511986616301635,0.7973136852392391,0.665006297720075,1.0246801210886232,374,460,626,0.25616438356164384,1.0,0.5061268453279709,assigned,True,-0.08600000000000008,0.7973136852392391,374,460,626,0.44844124700239807,0.374,0.4078516902944384,0,35,1.75,traj2traj,dist_int_60_40,distance_intensity,0.6,0.4,0.0,position_only,ablation,1.0,0.0,0.0,52,2,3,S4,20,550.0,200.0,"S4 (N=20, I=550+/-200)",traj2traj_hota_assigned_v2,962,19.24,19.0,20,20,50.0,50.0,0.0,0.0,20,0.5061268453279709
0.28470359998755157,52,1.0,0.539795918367347,0.7011265738899934,529,0,451,0.0,0.0,0.587,1.0,1.0,20,32,,,59.33109680012835,61.95506211583578,0,834,1000,0.0,0.0,0.0,assigned,True,-0.8340000000000001,,0,834,1000,0.0,0.0,,0,0,0.0,traj2traj,dist_int_60_40,distance_intensity,0.6,0.4,0.0,length_only,ablation,0.0,1.0,0.0,52,2,3,S4,20,550.0,200.0,"S4 (N=20, I=550+/-200)",traj2traj_hota_assigned_v2,962,19.24,19.0,20,20,50.0,50.0,0.0,0.0,20,0.0
0.1774470000527799,52,1.0,0.42448979591836733,0.5959885386819485,416,0,564,0.0,0.0,0.45499999999999996,1.0,1.0,20,32,,,50.14328281794808,58.78336973461218,0,834,1000,0.0,0.0,0.0,assigned,True,-0.8340000000000001,,0,834,1000,0.0,0.0,,0,0,0.0,traj2traj,dist_int_60_40,distance_intensity,0.6,0.4,0.0,start_only,ablation,0.0,0.0,1.0,52,2,3,S4,20,550.0,200.0,"S4 (N=20, I=550+/-200)",traj2traj_hota_assigned_v2,962,19.24,19.0,20,20,50.0,50.0,0.0,0.0,20,0.0
1.4718245998956263,52,1.0,0.5020408163265306,0.6684782608695652,492,0,488,0.5209999999999999,0.55,0.5489999999999999,1.0,1.0,20,32,0.6701277790760022,0.8610298519292826,0.6931637160348137,1.1936047661422808,521,313,479,0.3968012185833968,1.0,0.6299215971717407,assigned,True,0.20799999999999996,0.8610298519292826,521,313,479,0.6247002398081535,0.521,0.5681570338058888,0,38,1.9,traj2traj,dist_int_60_40,distance_intensity,0.6,0.4,0.0,pos_len_90_10,position_length,0.9,0.1,0.0,52,2,3,S4,20,550.0,200.0,"S4 (N=20, I=550+/-200)",traj2traj_hota_assigned_v2,962,19.24,19.0,20,20,50.0,50.0,0.0,0.0,20,0.6299215971717407
1.5823528999462724,52,1.0,0.5102040816326531,0.6756756756756758,500,0,480,0.5229999999999999,0.55,0.554,1.0,1.0,20,32,0.6759510246118001,0.8752136295451323,0.7030286440130387,1.2328586801830186,523,311,477,0.39893211289092295,1.0,0.6316107289232213,assigned,True,0.21199999999999997,0.8752136295451323,523,311,477,0.6270983213429256,0.523,0.5703380588876772,0,36,1.8,traj2traj,dist_int_60_40,distance_intensity,0.6,0.4,0.0,pos_len_75_25,position_length,0.75,0.25,0.0,52,2,3,S4,20,550.0,200.0,"S4 (N=20, I=550+/-200)",traj2traj_hota_assigned_v2,962,19.24,19.0,20,20,50.0,50.0,0.0,0.0,20,0.6316107289232213
1.748153799911961,52,1.0,0.5102040816326531,0.6756756756756758,500,0,480,0.5229999999999999,0.55,0.554,1.0,1.0,20,32,0.6759510246118001,0.8752136295451323,0.7030286440130387,1.2328586801830186,523,311,477,0.39893211289092295,1.0,0.6316107289232213,assigned,True,0.21199999999999997,0.8752136295451323,523,311,477,0.6270983213429256,0.523,0.5703380588876772,0,36,1.8,traj2traj,dist_int_60_40,distance_intensity,0.6,0.4,0.0,pos_len_60_40,position_length,0.6,0.4,0.0,52,2,3,S4,20,550.0,200.0,"S4 (N=20, I=550+/-200)",traj2traj_hota_assigned_v2,962,19.24,19.0,20,20,50.0,50.0,0.0,0.0,20,0.6316107289232213
1.7310530999675393,52,1.0,0.3663265306122449,0.5362210604929052,359,0,621,0.374,0.24000000000000002,0.403,1.0,1.0,20,32,0.6704678165322615,0.8741171311286611,0.6983185256847897,1.2260759181109582,374,460,626,0.25616438356164384,1.0,0.5061268453279709,assigned,True,-0.08600000000000008,0.8741171311286611,374,460,626,0.44844124700239807,0.374,0.4078516902944384,0,31,1.55,traj2traj,dist_int_60_40,distance_intensity,0.6,0.4,0.0,pos_start_90_10,position_start,0.9,0.0,0.1,52,2,3,S4,20,550.0,200.0,"S4 (N=20, I=550+/-200)",traj2traj_hota_assigned_v2,962,19.24,19.0,20,20,50.0,50.0,0.0,0.0,20,0.5061268453279709
1.3549480000510812,52,1.0,0.39387755102040817,0.5651537335285505,386,0,594,0.39699999999999996,0.29000000000000004,0.429,1.0,1.0,20,32,0.6668276895388189,0.8507708027055708,0.6902871351058609,1.3444728484451172,397,437,603,0.2762700069589422,1.0,0.5256139333759544,assigned,True,-0.040000000000000036,0.8507708027055708,397,437,603,0.47601918465227816,0.397,0.43293347873500554,0,29,1.45,traj2traj,dist_int_60_40,distance_intensity,0.6,0.4,0.0,pos_start_75_25,position_start,0.75,0.0,0.25,52,2,3,S4,20,550.0,200.0,"S4 (N=20, I=550+/-200)",traj2traj_hota_assigned_v2,962,19.24,19.0,20,20,50.0,50.0,0.0,0.0,20,0.5256139333759544
1.4299935000017285,52,1.0,0.386734693877551,0.5577630610743193,379,0,601,0.388,0.25,0.421,1.0,1.0,20,32,0.6594607939494825,0.8335921521898999,0.6834426569812972,1.3494158339565985,388,446,612,0.26832641770401106,1.0,0.5180023336858736,assigned,True,-0.05800000000000005,0.8335921521898999,388,446,612,0.46522781774580335,0.388,0.4231188658669575,0,29,1.45,traj2traj,dist_int_60_40,distance_intensity,0.6,0.4,0.0,pos_start_60_40,position_start,0.6,0.0,0.4,52,2,3,S4,20,550.0,200.0,"S4 (N=20, I=550+/-200)",traj2traj_hota_assigned_v2,962,19.24,19.0,20,20,50.0,50.0,0.0,0.0,20,0.5180023336858736
1.1680568000301719,52,1.0,0.4602040816326531,0.6303284416491963,451,0,529,0.46799999999999997,0.4,0.5,1.0,1.0,20,32,0.6539510421700356,0.8234462150754291,0.6732885110062354,1.1902727601665815,468,366,532,0.34260614934114203,1.0,0.5853256780127983,assigned,True,0.10199999999999998,0.8234462150754291,468,366,532,0.5611510791366906,0.468,0.5103598691384951,0,34,1.7,traj2traj,dist_int_60_40,distance_intensity,0.6,0.4,0.0,pos_meta_80_10_10,all_terms,0.8,0.1,0.1,52,2,3,S4,20,550.0,200.0,"S4 (N=20, I=550+/-200)",traj2traj_hota_assigned_v2,962,19.24,19.0,20,20,50.0,50.0,0.0,0.0,20,0.5853256780127983
1.1693209998775274,52,1.0,0.503061224489796,0.6693822131704006,493,0,487,0.509,0.55,0.544,1.0,1.0,20,32,0.6689741579699623,0.8618047814959091,0.6930503135507929,1.2222589148847551,509,325,491,0.3841509433962264,1.0,0.619799115356118,assigned,True,0.18400000000000005,0.8618047814959091,509,325,491,0.6103117505995204,0.509,0.5550708833151581,0,36,1.8,traj2traj,dist_int_60_40,distance_intensity,0.6,0.4,0.0,pos_meta_70_20_10,all_terms,0.7,0.2,0.1,52,2,3,S4,20,550.0,200.0,"S4 (N=20, I=550+/-200)",traj2traj_hota_assigned_v2,962,19.24,19.0,20,20,50.0,50.0,0.0,0.0,20,0.619799115356118
1.2543732000049204,52,1.0,0.4857142857142857,0.6538461538461539,476,0,504,0.488,0.51,0.525,1.0,1.0,20,32,0.6620337796744206,0.8313683941987543,0.6834426569812972,1.271825056530426,488,346,512,0.362555720653789,1.0,0.602126000645869,assigned,True,0.14200000000000002,0.8313683941987543,488,346,512,0.5851318944844125,0.488,0.5321701199563795,0,37,1.85,traj2traj,dist_int_60_40,distance_intensity,0.6,0.4,0.0,pos_meta_60_20_20,all_terms,0.6,0.2,0.2,52,2,3,S4,20,550.0,200.0,"S4 (N=20, I=550+/-200)",traj2traj_hota_assigned_v2,962,19.24,19.0,20,20,50.0,50.0,0.0,0.0,20,0.602126000645869
1.3213380998931825,52,1.0,0.49081632653061225,0.6584531143052703,481,0,499,0.48,0.51,0.5269999999999999,1.0,1.0,20,32,0.6629742750247744,0.8345553785193526,0.6929369110667721,1.4674293783946186,480,354,520,0.35450516986706054,1.0,0.5954033673628832,assigned,True,0.126,0.8345553785193526,480,354,520,0.5755395683453237,0.48,0.5234460196292258,0,35,1.75,traj2traj,dist_int_60_40,distance_intensity,0.6,0.4,0.0,equal_all,all_terms,0.3333333333333333,0.3333333333333333,0.3333333333333333,52,2,3,S4,20,550.0,200.0,"S4 (N=20, I=550+/-200)",traj2traj_hota_assigned_v2,962,19.24,19.0,20,20,50.0,50.0,0.0,0.0,20,0.5954033673628832
1.960717499954626,60,1.0,0.37551020408163266,0.5459940652818991,460,0,765,0.3904000000000001,0.3,0.41120000000000007,1.0,1.0,25,35,0.6850911444256726,0.8246165351541811,0.7071788014446311,1.4232428389373264,488,494,762,0.2798165137614679,1.0,0.5289768556009496,assigned,True,-0.0047999999999999154,0.8246165351541811,488,494,762,0.4969450101832994,0.3904,0.4372759856630825,0,27,1.08,traj2traj,dist_int_60_40,distance_intensity,0.6,0.4,0.0,position_only,ablation,1.0,0.0,0.0,60,0,4,S5,25,500.0,300.0,"S5 (N=25, I=500+/-300)",traj2traj_hota_assigned_v2,1133,22.66,22.0,25,25,50.0,50.0,0.0,0.0,25,0.5289768556009496
0.24847089988179505,60,1.0,0.5126530612244898,0.6778197517539126,628,0,597,0.0048,0.0,0.5536,1.0,1.0,25,35,1.8229592153253718,1.757753304017446,54.19584007932451,59.74630885573338,6,976,1244,0.0026954177897574125,1.0,0.051917413165116506,assigned,True,-0.776,1.757753304017446,6,976,1244,0.006109979633401222,0.0048,0.005376344086021506,0,1,0.04,traj2traj,dist_int_60_40,distance_intensity,0.6,0.4,0.0,length_only,ablation,0.0,1.0,0.0,60,0,4,S5,25,500.0,300.0,"S5 (N=25, I=500+/-300)",traj2traj_hota_assigned_v2,1133,22.66,22.0,25,25,50.0,50.0,0.0,0.0,25,0.051917413165116506
0.2475074001122266,60,1.0,0.42122448979591837,0.5927627800114876,516,0,709,0.0032,0.0,0.4623999999999999,1.0,1.0,25,35,2.1221983247398803,1.9618861814526656,59.19839110634159,60.76921610358673,4,978,1246,0.0017953321364452424,1.0,0.04237135986070358,assigned,True,-0.7791999999999999,1.9618861814526656,4,978,1246,0.004073319755600814,0.0032,0.003584229390681003,0,1,0.04,traj2traj,dist_int_60_40,distance_intensity,0.6,0.4,0.0,start_only,ablation,0.0,0.0,1.0,60,0,4,S5,25,500.0,300.0,"S5 (N=25, I=500+/-300)",traj2traj_hota_assigned_v2,1133,22.66,22.0,25,25,50.0,50.0,0.0,0.0,25,0.04237135986070358
1.8003308000043035,60,1.0,0.4359183673469388,0.6071631608868676,534,0,691,0.45120000000000005,0.4,0.47680000000000006,1.0,1.0,25,35,0.6720657827076385,0.8467726421412786,0.698054297236878,1.4047263513392736,564,418,686,0.3381294964028777,1.0,0.581489033776973,assigned,True,0.11680000000000001,0.8467726421412786,564,418,686,0.5743380855397149,0.4512,0.5053763440860215,0,34,1.36,traj2traj,dist_int_60_40,distance_intensity,0.6,0.4,0.0,pos_len_90_10,position_length,0.9,0.1,0.0,60,0,4,S5,25,500.0,300.0,"S5 (N=25, I=500+/-300)",traj2traj_hota_assigned_v2,1133,22.66,22.0,25,25,50.0,50.0,0.0,0.0,25,0.581489033776973
2.1531096999533474,60,1.0,0.45224489795918366,0.6228218100056211,554,0,671,0.4640000000000001,0.4,0.4960000000000001,1.0,1.0,25,35,0.6798873572142852,0.8567091632147141,0.7128293176274036,1.5145885945561544,580,402,670,0.35108958837772397,1.0,0.5925281329841849,assigned,True,0.14239999999999997,0.8567091632147141,580,402,670,0.5906313645621182,0.464,0.5197132616487455,0,36,1.44,traj2traj,dist_int_60_40,distance_intensity,0.6,0.4,0.0,pos_len_75_25,position_length,0.75,0.25,0.0,60,0,4,S5,25,500.0,300.0,"S5 (N=25, I=500+/-300)",traj2traj_hota_assigned_v2,1133,22.66,22.0,25,25,50.0,50.0,0.0,0.0,25,0.5925281329841849
2.0586218000389636,60,1.0,0.4555102040816327,0.6259113853056646,558,0,667,0.4640000000000001,0.4,0.5024000000000001,1.0,1.0,25,35,0.6720657827076385,0.845367580139509,0.7113994422827921,1.5997537609625916,580,402,670,0.35108958837772397,1.0,0.5925281329841849,assigned,True,0.14239999999999997,0.845367580139509,580,402,670,0.5906313645621182,0.464,0.5197132616487455,0,37,1.48,traj2traj,dist_int_60_40,distance_intensity,0.6,0.4,0.0,pos_len_60_40,position_length,0.6,0.4,0.0,60,0,4,S5,25,500.0,300.0,"S5 (N=25, I=500+/-300)",traj2traj_hota_assigned_v2,1133,22.66,22.0,25,25,50.0,50.0,0.0,0.0,25,0.5925281329841849
2.347673299955204,60,1.0,0.39183673469387753,0.563049853372434,480,0,745,0.39599999999999996,0.28,0.42879999999999996,1.0,1.0,25,35,0.6686641027377563,0.7983544565721329,0.7058504272939514,1.5840822669889363,495,487,755,0.2849740932642487,1.0,0.5338296481690097,assigned,True,0.006399999999999961,0.7983544565721329,495,487,755,0.5040733197556008,0.396,0.4435483870967742,0,25,1.0,traj2traj,dist_int_60_40,distance_intensity,0.6,0.4,0.0,pos_start_90_10,position_start,0.9,0.0,0.1,60,0,4,S5,25,500.0,300.0,"S5 (N=25, I=500+/-300)",traj2traj_hota_assigned_v2,1133,22.66,22.0,25,25,50.0,50.0,0.0,0.0,25,0.5338296481690097
1.96852199989371,60,1.0,0.39346938775510204,0.5647334504979495,482,0,743,0.3896,0.28,0.43439999999999995,1.0,1.0,25,35,0.660824119807844,0.7880644633355987,0.7111533701287808,1.8927141288366636,487,495,763,0.27908309455587393,1.0,0.5282831575546147,assigned,True,-0.006399999999999961,0.7880644633355987,487,495,763,0.4959266802443992,0.3896,0.4363799283154122,0,21,0.84,traj2traj,dist_int_60_40,distance_intensity,0.6,0.4,0.0,pos_start_75_25,position_start,0.75,0.0,0.25,60,0,4,S5,25,500.0,300.0,"S5 (N=25, I=500+/-300)",traj2traj_hota_assigned_v2,1133,22.66,22.0,25,25,50.0,50.0,0.0,0.0,25,0.5282831575546147
1.752640400081873,60,1.0,0.39346938775510204,0.5647334504979495,482,0,743,0.3896,0.28,0.43439999999999995,1.0,1.0,25,35,0.660824119807844,0.7880644633355987,0.7111533701287808,1.8927141288366636,487,495,763,0.27908309455587393,1.0,0.5282831575546147,assigned,True,-0.006399999999999961,0.7880644633355987,487,495,763,0.4959266802443992,0.3896,0.4363799283154122,0,21,0.84,traj2traj,dist_int_60_40,distance_intensity,0.6,0.4,0.0,pos_start_60_40,position_start,0.6,0.0,0.4,60,0,4,S5,25,500.0,300.0,"S5 (N=25, I=500+/-300)",traj2traj_hota_assigned_v2,1133,22.66,22.0,25,25,50.0,50.0,0.0,0.0,25,0.5282831575546147
2.030352799920365,60,1.0,0.39183673469387753,0.563049853372434,480,0,745,0.39599999999999996,0.28,0.42879999999999996,1.0,1.0,25,35,0.6686641027377563,0.7983544565721329,0.7058504272939514,1.5840822669889363,495,487,755,0.2849740932642487,1.0,0.5338296481690097,assigned,True,0.006399999999999961,0.7983544565721329,495,487,755,0.5040733197556008,0.396,0.4435483870967742,0,25,1.0,traj2traj,dist_int_60_40,distance_intensity,0.6,0.4,0.0,pos_meta_80_10_10,all_terms,0.8,0.1,0.1,60,0,4,S5,25,500.0,300.0,"S5 (N=25, I=500+/-300)",traj2traj_hota_assigned_v2,1133,22.66,22.0,25,25,50.0,50.0,0.0,0.0,25,0.5338296481690097
1.9424433999229223,60,1.0,0.41714285714285715,0.5887096774193548,511,0,714,0.424,0.36,0.45760000000000006,1.0,1.0,25,35,0.6667760020902065,0.8101959224118334,0.7068950607822995,1.5503197455096096,530,452,720,0.31139835487661577,1.0,0.5580307830905171,assigned,True,0.06240000000000001,0.8101959224118334,530,452,720,0.539714867617108,0.424,0.474910394265233,0,30,1.2,traj2traj,dist_int_60_40,distance_intensity,0.6,0.4,0.0,pos_meta_70_20_10,all_terms,0.7,0.2,0.1,60,0,4,S5,25,500.0,300.0,"S5 (N=25, I=500+/-300)",traj2traj_hota_assigned_v2,1133,22.66,22.0,25,25,50.0,50.0,0.0,0.0,25,0.5580307830905171
1.7243584000971168,60,1.0,0.39346938775510204,0.5647334504979495,482,0,743,0.392,0.28,0.43520000000000003,1.0,1.0,25,35,0.6628560106252502,0.7922602944141894,0.7101161792647908,1.842002081635447,490,492,760,0.28128587830080365,1.0,0.5303639111975886,assigned,True,-0.0016000000000000458,0.7922602944141894,490,492,760,0.4989816700610998,0.392,0.439068100358423,0,23,0.92,traj2traj,dist_int_60_40,distance_intensity,0.6,0.4,0.0,pos_meta_60_20_20,all_terms,0.6,0.2,0.2,60,0,4,S5,25,500.0,300.0,"S5 (N=25, I=500+/-300)",traj2traj_hota_assigned_v2,1133,22.66,22.0,25,25,50.0,50.0,0.0,0.0,25,0.5303639111975886
1.2503810999915004,60,1.0,0.4253061224489796,0.5967926689576174,521,0,704,0.4056,0.3,0.46399999999999997,1.0,1.0,25,35,0.6763107685656099,0.824747793100242,0.7396838738318586,2.224566395035906,507,475,743,0.29391304347826086,1.0,0.5421374765483944,assigned,True,0.025599999999999956,0.824747793100242,507,475,743,0.5162932790224033,0.4056,0.45430107526881724,0,25,1.0,traj2traj,dist_int_60_40,distance_intensity,0.6,0.4,0.0,equal_all,all_terms,0.3333333333333333,0.3333333333333333,0.3333333333333333,60,0,4,S5,25,500.0,300.0,"S5 (N=25, I=500+/-300)",traj2traj_hota_assigned_v2,1133,22.66,22.0,25,25,50.0,50.0,0.0,0.0,25,0.5421374765483944
1.0794463001657277,61,1.0,0.3363265306122449,0.5033598045204642,412,0,813,0.36,0.2,0.3768,1.0,1.0,25,36,0.6472153517491068,0.8041035776390552,0.6703473549483097,1.0257308201111048,450,583,800,0.24549918166939444,1.0,0.49547873987628815,assigned,True,-0.10640000000000005,0.8041035776390552,450,583,800,0.4356243949661181,0.36,0.39421813403416556,0,38,1.52,traj2traj,dist_int_60_40,distance_intensity,0.6,0.4,0.0,position_only,ablation,1.0,0.0,0.0,61,1,4,S5,25,500.0,300.0,"S5 (N=25, I=500+/-300)",traj2traj_hota_assigned_v2,1208,24.16,24.0,25,25,50.0,50.0,0.0,0.0,25,0.49547873987628815
0.20398249989375472,61,1.0,0.5322448979591837,0.6947256259989345,652,0,573,0.0,0.0,0.5768,1.0,1.0,25,36,,,63.40715795224034,63.08866116067416,0,1033,1250,0.0,0.0,0.0,assigned,True,-0.8264,,0,1033,1250,0.0,0.0,,0,0,0.0,traj2traj,dist_int_60_40,distance_intensity,0.6,0.4,0.0,length_only,ablation,0.0,1.0,0.0,61,1,4,S5,25,500.0,300.0,"S5 (N=25, I=500+/-300)",traj2traj_hota_assigned_v2,1208,24.16,24.0,25,25,50.0,50.0,0.0,0.0,25,0.0
0.19386969995684922,61,1.0,0.41551020408163264,0.5870818915801614,509,0,716,0.0064,0.0,0.45599999999999996,1.0,1.0,25,36,1.0040654152987416,1.1421576329800498,63.39498056311872,63.334241045661436,8,1025,1242,0.0035164835164835165,1.0,0.05929994533288809,assigned,True,-0.8136000000000001,1.1421576329800498,8,1025,1242,0.007744433688286544,0.0064,0.007008322382829611,0,4,0.16,traj2traj,dist_int_60_40,distance_intensity,0.6,0.4,0.0,start_only,ablation,0.0,0.0,1.0,61,1,4,S5,25,500.0,300.0,"S5 (N=25, I=500+/-300)",traj2traj_hota_assigned_v2,1208,24.16,24.0,25,25,50.0,50.0,0.0,0.0,25,0.05929994533288809
0.9289899000432342,61,1.0,0.48,0.6486486486486487,588,0,637,0.4976,0.5,0.5312,1.0,1.0,25,36,0.664589711230166,0.8355122657025824,0.7019539498716421,1.2058561862301607,622,411,628,0.374473208910295,1.0,0.6119421614093076,assigned,True,0.16879999999999995,0.8355122657025824,622,411,628,0.6021297192642788,0.4976,0.5448970652650023,0,48,1.92,traj2traj,dist_int_60_40,distance_intensity,0.6,0.4,0.0,pos_len_90_10,position_length,0.9,0.1,0.0,61,1,4,S5,25,500.0,300.0,"S5 (N=25, I=500+/-300)",traj2traj_hota_assigned_v2,1208,24.16,24.0,25,25,50.0,50.0,0.0,0.0,25,0.6119421614093076
0.834195900009945,61,1.0,0.48,0.6486486486486487,588,0,637,0.4976,0.5,0.5312,1.0,1.0,25,36,0.664589711230166,0.8355122657025824,0.7019539498716421,1.2058561862301607,622,411,628,0.374473208910295,1.0,0.6119421614093076,assigned,True,0.16879999999999995,0.8355122657025824,622,411,628,0.6021297192642788,0.4976,0.5448970652650023,0,48,1.92,traj2traj,dist_int_60_40,distance_intensity,0.6,0.4,0.0,pos_len_75_25,position_length,0.75,0.25,0.0,61,1,4,S5,25,500.0,300.0,"S5 (N=25, I=500+/-300)",traj2traj_hota_assigned_v2,1208,24.16,24.0,25,25,50.0,50.0,0.0,0.0,25,0.6119421614093076
0.8360540999565274,61,1.0,0.48,0.6486486486486487,588,0,637,0.4976,0.5,0.5312,1.0,1.0,25,36,0.664589711230166,0.8355122657025824,0.7019539498716421,1.2058561862301607,622,411,628,0.374473208910295,1.0,0.6119421614093076,assigned,True,0.16879999999999995,0.8355122657025824,622,411,628,0.6021297192642788,0.4976,0.5448970652650023,0,48,1.92,traj2traj,dist_int_60_40,distance_intensity,0.6,0.4,0.0,pos_len_60_40,position_length,0.6,0.4,0.0,61,1,4,S5,25,500.0,300.0,"S5 (N=25, I=500+/-300)",traj2traj_hota_assigned_v2,1208,24.16,24.0,25,25,50.0,50.0,0.0,0.0,25,0.6119421614093076
0.9861518000252545,61,1.0,0.3706122448979592,0.5407980941036331,454,0,771,0.3776,0.22,0.40880000000000005,1.0,1.0,25,36,0.6552760295119122,0.8317159054055013,0.7158391346013191,1.2439453243521819,472,561,778,0.2606294864715627,1.0,0.5105188404667967,assigned,True,-0.07119999999999993,0.8317159054055013,472,561,778,0.4569215876089061,0.3776,0.413491020586947,0,37,1.48,traj2traj,dist_int_60_40,distance_intensity,0.6,0.4,0.0,pos_start_90_10,position_start,0.9,0.0,0.1,61,1,4,S5,25,500.0,300.0,"S5 (N=25, I=500+/-300)",traj2traj_hota_assigned_v2,1208,24.16,24.0,25,25,50.0,50.0,0.0,0.0,25,0.5105188404667967
0.8099237000569701,61,1.0,0.3763265306122449,0.5468564650059312,461,0,764,0.38,0.26,0.41440000000000005,1.0,1.0,25,36,0.649368293618739,0.8206931014608627,0.712193989841525,1.3125988052550415,475,558,775,0.2627212389380531,1.0,0.5125633999204909,assigned,True,-0.06640000000000001,0.8206931014608627,475,558,775,0.45982575024201355,0.38,0.4161191414805081,0,36,1.44,traj2traj,dist_int_60_40,distance_intensity,0.6,0.4,0.0,pos_start_75_25,position_start,0.75,0.0,0.25,61,1,4,S5,25,500.0,300.0,"S5 (N=25, I=500+/-300)",traj2traj_hota_assigned_v2,1208,24.16,24.0,25,25,50.0,50.0,0.0,0.0,25,0.5125633999204909
0.7347303000278771,61,1.0,0.3812244897959184,0.5520094562647754,467,0,758,0.35839999999999994,0.22,0.4159999999999999,1.0,1.0,25,36,0.6589281911241844,0.8075613472693518,0.7381777127291438,1.8329252472050788,448,585,802,0.244141689373297,1.0,0.49410696147018307,assigned,True,-0.10959999999999992,0.8075613472693518,448,585,802,0.43368828654404645,0.3584,0.3924660534384582,0,28,1.12,traj2traj,dist_int_60_40,distance_intensity,0.6,0.4,0.0,pos_start_60_40,position_start,0.6,0.0,0.4,61,1,4,S5,25,500.0,300.0,"S5 (N=25, I=500+/-300)",traj2traj_hota_assigned_v2,1208,24.16,24.0,25,25,50.0,50.0,0.0,0.0,25,0.49410696147018307
1.1565379002131522,61,1.0,0.403265306122449,0.5747527632344387,494,0,731,0.4144,0.3,0.444,1.0,1.0,25,36,0.6653532929798823,0.836225603036939,0.7172853607645896,1.207095669963415,518,515,732,0.2934844192634561,1.0,0.541742022796327,assigned,True,0.0023999999999999577,0.836225603036939,518,515,732,0.5014520813165537,0.4144,0.45378887428821724,0,41,1.64,traj2traj,dist_int_60_40,distance_intensity,0.6,0.4,0.0,pos_meta_80_10_10,all_terms,0.8,0.1,0.1,61,1,4,S5,25,500.0,300.0,"S5 (N=25, I=500+/-300)",traj2traj_hota_assigned_v2,1208,24.16,24.0,25,25,50.0,50.0,0.0,0.0,25,0.541742022796327
1.6405581999570131,61,1.0,0.45714285714285713,0.6274509803921569,560,0,665,0.4592,0.46,0.5047999999999999,1.0,1.0,25,36,0.6498024261031792,0.8130696436752308,0.7046148711932387,1.4348086857065971,574,459,676,0.3358689291983616,1.0,0.5795419995119954,assigned,True,0.09199999999999997,0.8130696436752308,574,459,676,0.5556631171345595,0.4592,0.5028471309680246,0,46,1.84,traj2traj,dist_int_60_40,distance_intensity,0.6,0.4,0.0,pos_meta_70_20_10,all_terms,0.7,0.2,0.1,61,1,4,S5,25,500.0,300.0,"S5 (N=25, I=500+/-300)",traj2traj_hota_assigned_v2,1208,24.16,24.0,25,25,50.0,50.0,0.0,0.0,25,0.5795419995119954
0.9092130998615175,61,1.0,0.41959183673469386,0.5911443358251869,514,0,711,0.4256,0.38,0.4632,1.0,1.0,25,36,0.6497971118320094,0.8112665146575168,0.7103323159368231,1.3074781621494604,532,501,718,0.3038263849229012,1.0,0.5512044855794456,assigned,True,0.024800000000000044,0.8112665146575168,532,501,718,0.5150048402710552,0.4256,0.4660534384581691,0,40,1.6,traj2traj,dist_int_60_40,distance_intensity,0.6,0.4,0.0,pos_meta_60_20_20,all_terms,0.6,0.2,0.2,61,1,4,S5,25,500.0,300.0,"S5 (N=25, I=500+/-300)",traj2traj_hota_assigned_v2,1208,24.16,24.0,25,25,50.0,50.0,0.0,0.0,25,0.5512044855794456
0.8155801999382675,61,1.0,0.44,0.6111111111111112,539,0,686,0.4303999999999999,0.42,0.48239999999999994,1.0,1.0,25,36,0.6445739761791561,0.787579567176138,0.7158391346013191,1.8255509581466185,538,495,712,0.30830945558739253,1.0,0.5552562071579142,assigned,True,0.034399999999999986,0.787579567176138,538,495,712,0.5208131655372701,0.4304,0.4713096802452913,0,36,1.44,traj2traj,dist_int_60_40,distance_intensity,0.6,0.4,0.0,equal_all,all_terms,0.3333333333333333,0.3333333333333333,0.3333333333333333,61,1,4,S5,25,500.0,300.0,"S5 (N=25, I=500+/-300)",traj2traj_hota_assigned_v2,1208,24.16,24.0,25,25,50.0,50.0,0.0,0.0,25,0.5552562071579142
0.694461400154978,55,1.0,0.32653061224489793,0.4923076923076923,400,0,825,0.3504,0.24,0.3664,1.0,1.0,25,30,0.6298511120908845,0.7753943274645929,0.6450030078742502,0.9736616229939675,438,531,812,0.2459292532285233,1.0,0.49591254594789524,assigned,True,-0.07440000000000002,0.7753943274645929,438,531,812,0.4520123839009288,0.3504,0.39477242000901314,0,31,1.24,traj2traj,dist_int_60_40,distance_intensity,0.6,0.4,0.0,position_only,ablation,1.0,0.0,0.0,55,2,4,S5,25,500.0,300.0,"S5 (N=25, I=500+/-300)",traj2traj_hota_assigned_v2,1132,22.64,23.0,25,25,50.0,50.0,0.0,0.0,25,0.49591254594789524
0.12648730003274977,55,1.0,0.5240816326530612,0.6877343331547937,642,0,583,0.0,0.0,0.5672,1.0,1.0,25,30,,,68.77001415603864,66.62922347996319,0,969,1250,0.0,0.0,0.0,assigned,True,-0.7751999999999999,,0,969,1250,0.0,0.0,,0,0,0.0,traj2traj,dist_int_60_40,distance_intensity,0.6,0.4,0.0,length_only,ablation,0.0,1.0,0.0,55,2,4,S5,25,500.0,300.0,"S5 (N=25, I=500+/-300)",traj2traj_hota_assigned_v2,1132,22.64,23.0,25,25,50.0,50.0,0.0,0.0,25,0.0
0.12236479995772243,55,1.0,0.39183673469387753,0.563049853372434,480,0,745,0.0,0.0,0.43199999999999994,1.0,1.0,25,30,,,69.15756969564939,65.3109966629081,0,969,1250,0.0,0.0,0.0,assigned,True,-0.7751999999999999,,0,969,1250,0.0,0.0,,0,0,0.0,traj2traj,dist_int_60_40,distance_intensity,0.6,0.4,0.0,start_only,ablation,0.0,0.0,1.0,55,2,4,S5,25,500.0,300.0,"S5 (N=25, I=500+/-300)",traj2traj_hota_assigned_v2,1132,22.64,23.0,25,25,50.0,50.0,0.0,0.0,25,0.0
1.3825932999607176,55,1.0,0.4228571428571429,0.5943775100401607,518,0,707,0.4464,0.42,0.4728,1.0,1.0,25,30,0.6497008448407227,0.7826221614576762,0.6782217575307552,1.0191630771452727,558,411,692,0.33594220349187237,1.0,0.5796052134788579,assigned,True,0.11760000000000004,0.7826221614576762,558,411,692,0.5758513931888545,0.4464,0.5029292474087427,0,53,2.12,traj2traj,dist_int_60_40,distance_intensity,0.6,0.4,0.0,pos_len_90_10,position_length,0.9,0.1,0.0,55,2,4,S5,25,500.0,300.0,"S5 (N=25, I=500+/-300)",traj2traj_hota_assigned_v2,1132,22.64,23.0,25,25,50.0,50.0,0.0,0.0,25,0.5796052134788579
1.9359782999381423,55,1.0,0.45877551020408164,0.6289871292669278,562,0,663,0.45439999999999997,0.48,0.504,1.0,1.0,25,30,0.6537825002540453,0.7961084933565087,0.6954558845305254,1.4578242883229982,568,401,682,0.34403391883706846,1.0,0.586544046800467,assigned,True,0.13360000000000005,0.7961084933565087,568,401,682,0.586171310629515,0.4544,0.5119423163587202,0,53,2.12,traj2traj,dist_int_60_40,distance_intensity,0.6,0.4,0.0,pos_len_75_25,position_length,0.75,0.25,0.0,55,2,4,S5,25,500.0,300.0,"S5 (N=25, I=500+/-300)",traj2traj_hota_assigned_v2,1132,22.64,23.0,25,25,50.0,50.0,0.0,0.0,25,0.586544046800467
1.9826710999477655,55,1.0,0.4636734693877551,0.6335750139431121,568,0,657,0.456,0.48,0.5096,1.0,1.0,25,30,0.6560184518554861,0.7954194053885246,0.7002138711759965,1.5478705748318886,570,399,680,0.34566403881140084,1.0,0.5879320018602499,assigned,True,0.13680000000000003,0.7954194053885246,570,399,680,0.5882352941176471,0.456,0.5137449301487156,0,52,2.08,traj2traj,dist_int_60_40,distance_intensity,0.6,0.4,0.0,pos_len_60_40,position_length,0.6,0.4,0.0,55,2,4,S5,25,500.0,300.0,"S5 (N=25, I=500+/-300)",traj2traj_hota_assigned_v2,1132,22.64,23.0,25,25,50.0,50.0,0.0,0.0,25,0.5879320018602499
1.6862590999808162,55,1.0,0.3346938775510204,0.5015290519877676,410,0,815,0.34159999999999996,0.24,0.3712,1.0,1.0,25,30,0.6676709663618567,0.8494956508295719,0.6991422452355278,1.2282811641240654,427,542,823,0.23828125,1.0,0.4881406047441659,assigned,True,-0.09200000000000008,0.8494956508295719,427,542,823,0.4406604747162023,0.3416,0.3848580441640379,0,38,1.52,traj2traj,dist_int_60_40,distance_intensity,0.6,0.4,0.0,pos_start_90_10,position_start,0.9,0.0,0.1,55,2,4,S5,25,500.0,300.0,"S5 (N=25, I=500+/-300)",traj2traj_hota_assigned_v2,1132,22.64,23.0,25,25,50.0,50.0,0.0,0.0,25,0.4881406047441659
1.6739183000754565,55,1.0,0.3461224489795918,0.514251061249242,424,0,801,0.3264,0.24,0.384,1.0,1.0,25,30,0.6813637760071087,0.8648843998578795,0.75387283931815,2.060492914097112,408,561,842,0.22528989508558808,1.0,0.47464712691175964,assigned,True,-0.12240000000000006,0.8648843998578795,408,561,842,0.42105263157894735,0.3264,0.3677332131590807,0,37,1.48,traj2traj,dist_int_60_40,distance_intensity,0.6,0.4,0.0,pos_start_75_25,position_start,0.75,0.0,0.25,55,2,4,S5,25,500.0,300.0,"S5 (N=25, I=500+/-300)",traj2traj_hota_assigned_v2,1132,22.64,23.0,25,25,50.0,50.0,0.0,0.0,25,0.47464712691175964
1.7177293000277132,55,1.0,0.3836734693877551,0.5545722713864307,470,0,755,0.3432,0.34,0.42160000000000003,1.0,1.0,25,30,0.6820427417313671,0.8370650036280607,0.7865882426719089,2.898059757816994,429,540,821,0.23966480446927374,1.0,0.4895557215162271,assigned,True,-0.08879999999999999,0.8370650036280607,429,540,821,0.44272445820433437,0.3432,0.3866606579540334,0,36,1.44,traj2traj,dist_int_60_40,distance_intensity,0.6,0.4,0.0,pos_start_60_40,position_start,0.6,0.0,0.4,55,2,4,S5,25,500.0,300.0,"S5 (N=25, I=500+/-300)",traj2traj_hota_assigned_v2,1132,22.64,23.0,25,25,50.0,50.0,0.0,0.0,25,0.4895557215162271
1.8962588999420404,55,1.0,0.37795918367346937,0.5485781990521327,463,0,762,0.38880000000000003,0.34,0.41840000000000005,1.0,1.0,25,30,0.6593870105828014,0.8222370003354603,0.6916786358147256,1.1602198841536764,486,483,764,0.2804385458742066,1.0,0.5295644869836029,assigned,True,0.0023999999999999577,0.8222370003354603,486,483,764,0.5015479876160991,0.3888,0.4380351509689049,0,44,1.76,traj2traj,dist_int_60_40,distance_intensity,0.6,0.4,0.0,pos_meta_80_10_10,all_terms,0.8,0.1,0.1,55,2,4,S5,25,500.0,300.0,"S5 (N=25, I=500+/-300)",traj2traj_hota_assigned_v2,1132,22.64,23.0,25,25,50.0,50.0,0.0,0.0,25,0.5295644869836029
1.815393199911341,55,1.0,0.43183673469387757,0.6031927023945268,529,0,696,0.42,0.38,0.47440000000000004,1.0,1.0,25,30,0.6715636961966671,0.8094382171200056,0.7115522605593754,1.7470522713573997,525,444,725,0.30991735537190085,1.0,0.5567022142689041,assigned,True,0.06479999999999997,0.8094382171200056,525,444,725,0.541795665634675,0.42,0.4731861198738171,0,44,1.76,traj2traj,dist_int_60_40,distance_intensity,0.6,0.4,0.0,pos_meta_70_20_10,all_terms,0.7,0.2,0.1,55,2,4,S5,25,500.0,300.0,"S5 (N=25, I=500+/-300)",traj2traj_hota_assigned_v2,1132,22.64,23.0,25,25,50.0,50.0,0.0,0.0,25,0.5567022142689041
1.8174886999186128,55,1.0,0.4269387755102041,0.5983981693363845,523,0,702,0.3936,0.36,0.46880000000000005,1.0,1.0,25,30,0.6785033445664552,0.817978025561519,0.7473524997945679,2.5438888064024736,492,477,758,0.28488708743485813,1.0,0.5337481498186745,assigned,True,0.01200000000000001,0.817978025561519,492,477,758,0.5077399380804953,0.3936,0.4434429923388914,0,43,1.72,traj2traj,dist_int_60_40,distance_intensity,0.6,0.4,0.0,pos_meta_60_20_20,all_terms,0.6,0.2,0.2,55,2,4,S5,25,500.0,300.0,"S5 (N=25, I=500+/-300)",traj2traj_hota_assigned_v2,1132,22.64,23.0,25,25,50.0,50.0,0.0,0.0,25,0.5337481498186745
2.02259139996022,55,1.0,0.4269387755102041,0.5983981693363845,523,0,702,0.39039999999999997,0.36,0.46880000000000005,1.0,1.0,25,30,0.6744209703063144,0.8114209545394354,0.7473524997945679,2.7839821008892525,488,481,762,0.28191796649335643,1.0,0.5309594772610773,assigned,True,0.005600000000000049,0.8114209545394354,488,481,762,0.5036119711042312,0.3904,0.43983776475890046,0,42,1.68,traj2traj,dist_int_60_40,distance_intensity,0.6,0.4,0.0,equal_all,all_terms,0.3333333333333333,0.3333333333333333,0.3333333333333333,55,2,4,S5,25,500.0,300.0,"S5 (N=25, I=500+/-300)",traj2traj_hota_assigned_v2,1132,22.64,23.0,25,25,50.0,50.0,0.0,0.0,25,0.5309594772610773
